slug,zone_alignment_score,zone_category,zone_source_mix,n_tasks,mean_importance,mean_cosine,low_signal
variant,0.615385,Green,all_inferred,3,4.3333,,True
clarus,1.0,Green,all_inferred,4,4.25,,True
zeroframe,0.25,Low-Priority,all_inferred,3,4.0,,True
riveter-ai,1.0,Green,all_inferred,6,4.0,,False
galini,1.0,Green,all_inferred,5,4.2,,False
avora,1.0,Green,all_inferred,5,4.2,,True
telli,1.0,Green,all_inferred,5,4.2,,False
symphony,1.0,Green,all_inferred,5,4.2,,False
streamable,1.0,Green,all_inferred,4,4.25,,True
crouton,1.0,Green,all_inferred,5,4.2,,False
durate,1.0,Green,all_inferred,5,4.2,,True
gait,1.0,Green,all_inferred,5,4.2,,True
moonset-health,1.0,Green,all_inferred,4,4.25,,True
candle,0.333333,Red,all_inferred,6,3.5,,False
getcho,1.0,Yellow,all_inferred,5,4.2,,True
darkgrade,1.0,Green,all_inferred,4,4.5,,True
openfunnel,1.0,Green,all_inferred,5,4.2,,False
healthspark,1.0,Green,all_inferred,5,4.2,,True
rulebase,1.0,Green,all_inferred,5,4.2,,False
afternoon-co,1.0,Green,all_inferred,5,4.2,,False
lightscreen-ai,1.0,Green,all_inferred,5,4.2,,False
raycaster,1.0,Green,all_inferred,5,4.2,,True
supercontrast,1.0,Green,all_inferred,4,4.5,,True
revyl,1.0,Green,all_inferred,5,4.2,,True
vortexifyai,0.875,Green,all_inferred,6,4.0,,False
vespper,1.0,Green,all_inferred,5,4.2,,True
sandra-ai,1.0,Green,all_inferred,6,4.0,,False
archil,1.0,Green,all_inferred,4,4.25,,False
cekura-ai,1.0,Green,all_inferred,5,4.2,,False
cosmic-new,1.0,Green,all_inferred,5,4.2,,True
astrix-health,1.0,Green,all_inferred,5,4.2,,False
reticular,1.0,Yellow,all_inferred,5,4.2,,False
smooth,1.0,Green,all_inferred,4,4.5,,True
attimet,1.0,Yellow,all_inferred,4,4.25,,True
issen,1.0,Green,all_inferred,5,4.2,,False
revisiondojo,1.0,Green,all_inferred,5,4.0,,True
ctgt,1.0,Green,all_inferred,5,4.2,,False
riskcube,1.0,Green,all_inferred,5,4.2,,False
keye,1.0,Green,all_inferred,6,4.0,,False
luthor,0.857143,Green,all_inferred,5,4.2,,True
sphinx,0.85,Green,all_inferred,5,4.0,,True
lingodotdev,1.0,Green,all_inferred,5,4.2,,False
karmen,1.0,Green,all_inferred,5,4.2,,False
codebuff,1.0,Green,all_inferred,5,4.2,,False
hybrd,1.0,Green,all_inferred,5,4.2,,False
withcharm,1.0,Green,all_inferred,4,4.5,,False
unusual,1.0,Green,all_inferred,5,4.2,,False
platus,1.0,Green,all_inferred,5,4.2,,False
stewdio,1.0,Green,all_inferred,5,4.0,,True
pearson-labs,1.0,Green,all_inferred,6,4.0,,False
vly-ai-2,1.0,Green,all_inferred,5,4.2,,True
tiny,1.0,Green,all_inferred,6,4.0,,False
crustdata,1.0,Green,all_inferred,6,4.1667,,False
autocomputer,1.0,Green,all_inferred,5,4.2,,True
moonshine,1.0,Green,all_inferred,5,4.2,,True
dexter,0.807692,Green,mixed,6,4.3333,0.7416,True
curo,1.0,Green,all_inferred,5,4.0,,False
gecko-security,1.0,Yellow,all_inferred,6,4.3333,,False
permitportal,1.0,Green,all_inferred,5,4.2,,True
fresco,1.0,Green,all_inferred,5,4.0,,False
origami-2,1.0,Green,all_inferred,5,4.2,,True
collectwise,1.0,Green,all_inferred,5,4.2,,True
consus,1.0,Green,all_inferred,5,4.2,,False
capy,1.0,Green,all_inferred,5,4.2,,True
innate,1.0,Yellow,all_inferred,5,4.6,,False
gander,1.0,Green,all_inferred,5,4.0,,True
alex,1.0,Green,all_inferred,5,4.2,,False
browserbook,1.0,Green,all_inferred,5,4.2,,False
diffusion-studio,0.75,Yellow,all_inferred,5,4.0,,False
metreecs,1.0,Green,all_inferred,5,4.2,,True
revi,1.0,Green,all_inferred,5,4.4,,False
archilabs,1.0,Green,all_inferred,5,4.2,,False
sunset,1.0,Yellow,all_inferred,5,4.4,,True
surge,1.0,Green,all_inferred,5,4.2,,False
edgedive,1.0,Green,all_inferred,5,4.2,,False
futureclinic,0.571429,Red,all_inferred,5,4.2,,False
forerunner-ai,1.0,Green,all_inferred,5,4.2,,True
x1,1.0,Green,all_inferred,5,4.0,,False
vaya,1.0,Green,all_inferred,3,4.3333,,True
melder,1.0,Green,all_inferred,6,4.0,,False
ryvn,1.0,Green,all_inferred,5,4.2,,True
sre-ai,1.0,Yellow,mixed,5,4.0,0.7013,True
friday,1.0,Green,all_inferred,6,4.1667,,False
relvy-ai,1.0,Green,all_inferred,5,4.2,,False
ember,1.0,Green,all_inferred,6,4.3333,,False
canvas,1.0,Yellow,all_inferred,4,4.5,,True
careforce,1.0,Green,all_inferred,6,4.3333,,False
synth-3,1.0,Green,all_inferred,5,4.2,,True
roundabout-technologies,1.0,Green,all_inferred,5,4.2,,True
loombotic,1.0,Yellow,all_inferred,5,4.2,,True
humanlayer,1.0,Green,all_inferred,5,4.2,,True
apolink,1.0,Green,all_inferred,5,4.2,,True
asha-health,1.0,Green,all_inferred,5,4.0,,True
openbuilder,0.857143,Green,all_inferred,5,4.2,,False
goldbridge,1.0,Green,all_inferred,5,4.2,,False
piggy-robotics,1.0,Yellow,all_inferred,5,4.2,,False
fifth-door,1.0,Green,all_inferred,4,4.25,,True
autonomous-technologies-group,0.84,Green,all_inferred,6,4.1667,,False
prox,1.0,Green,all_inferred,5,4.2,,True
parametric,1.0,Yellow,all_inferred,5,4.4,,False
null-labs,1.0,Green,all_inferred,5,4.2,,True
nori,1.0,Green,all_inferred,5,4.2,,False
fernstone,1.0,Yellow,all_inferred,5,4.2,,False
mixy,0.705882,Green,all_inferred,4,4.25,,False
digipals,0.571429,Green,all_inferred,5,4.2,,False
efference,1.0,Green,all_inferred,4,4.5,,False
lapis,1.0,Green,all_inferred,4,4.0,,True
semiotic,1.0,Green,all_inferred,4,4.25,,False
remedy,1.0,Green,all_inferred,5,4.2,,True
brickanta,1.0,Green,all_inferred,5,4.2,,False
aircaps,1.0,Green,all_inferred,5,4.2,,False
uplane,1.0,Green,all_inferred,5,4.2,,False
structured-ai,1.0,Green,all_inferred,5,4.2,,False
parse-bot,1.0,Green,all_inferred,4,4.25,,True
brickwise,1.0,Green,all_inferred,5,4.2,,False
parrot,1.0,Green,all_inferred,4,4.25,,False
movedot,1.0,Green,all_inferred,5,4.2,,False
zavo,1.0,Green,all_inferred,5,4.0,,False
sylvian,0.615385,Low-Priority,all_inferred,3,4.3333,,True
gpt,1.0,Green,all_inferred,4,4.0,,True
bolna-ai,1.0,Green,all_inferred,5,4.2,,False
hyperspell,1.0,Green,all_inferred,5,4.2,,False
scoop,1.0,Green,all_inferred,4,4.25,,True
aspect-inc,1.0,Green,all_inferred,5,4.2,,True
deeptrace,0.809524,Yellow,all_inferred,5,4.2,,False
locus,1.0,Green,all_inferred,5,4.2,,False
alt-x,1.0,Green,all_inferred,5,4.4,,False
caddy,0.857143,Green,all_inferred,5,4.2,,False
sorce,1.0,Green,all_inferred,4,4.25,,True
the-context-company,1.0,Green,all_inferred,5,4.2,,False
dari,1.0,Green,all_inferred,4,4.25,,True
lunavo,1.0,Yellow,all_inferred,5,4.2,,False
norra,1.0,Green,all_inferred,5,4.2,,False
kaigo-health,0.818182,Green,all_inferred,5,4.4,,False
koyal,1.0,Green,all_inferred,5,4.4,,False
playvision,1.0,Green,all_inferred,5,4.2,,False
iriscal,0.761905,Green,all_inferred,5,4.2,,False
veria-labs,1.0,Yellow,all_inferred,5,4.2,,False
questom,1.0,Green,all_inferred,4,4.5,,True
cranston-ai,1.0,Green,mixed,5,4.2,0.8497,False
hypercubic,1.0,Green,all_inferred,5,4.2,,False
nessie,1.0,Green,all_inferred,5,4.2,,False
wardstone,1.0,Yellow,all_inferred,4,4.5,,True
atlasgrid,1.0,Green,all_inferred,5,4.2,,True
hillclimb,0.705882,Green,all_inferred,4,4.25,,True
flick,1.0,Yellow,all_inferred,5,4.2,,False
semble-ai,1.0,Yellow,all_inferred,5,4.2,,False
mod-ai,0.772727,Green,mixed,5,4.4,0.7535,False
sellraze,1.0,Green,all_inferred,4,4.25,,False
lakonia,1.0,Green,all_inferred,5,4.4,,True
nivara,1.0,Green,all_inferred,5,4.2,,False
answerthis,1.0,Green,all_inferred,6,4.1667,,False
sf-tensor,1.0,Green,all_inferred,5,4.6,,False
unsiloed-ai,1.0,Green,all_inferred,5,4.4,,False
allus-ai,1.0,Green,all_inferred,4,4.5,,True
multifactor,1.0,Green,all_inferred,6,4.3333,,False
sciloop,1.0,Green,all_inferred,5,4.2,,False
logosguard,1.0,Yellow,all_inferred,5,4.4,,False
kestrel-ai,1.0,Green,all_inferred,5,4.4,,True
tensr,1.0,Yellow,all_inferred,4,4.5,,True
agentic-fabriq,1.0,Green,all_inferred,5,4.4,,False
logical,1.0,Green,all_inferred,6,4.1667,,False
aleph-lab,1.0,Green,all_inferred,4,4.25,,False
articulate,1.0,Green,all_inferred,5,4.4,,False
redapto,,,,0,,,True
captain,1.0,Green,all_inferred,4,4.5,,True
sunflower,0.666667,Green,all_inferred,6,4.0,,False
rovr,1.0,Green,all_inferred,6,4.1667,,False
bravi,1.0,Green,all_inferred,5,4.2,,False
complydo,0.863636,Green,all_inferred,5,4.4,,False
codyco,1.0,Green,all_inferred,4,4.5,,False
lexi,1.0,Green,all_inferred,5,4.2,,True
compyle,0.590909,Red,all_inferred,5,4.4,,False
selfin,1.0,Green,all_inferred,4,4.25,,True
casey,1.0,Green,all_inferred,5,4.2,,True
play-health,0.857143,Green,all_inferred,5,4.2,,False
thesis,1.0,Yellow,all_inferred,4,4.5,,False
inspector,1.0,Green,all_inferred,5,4.2,,False
cortex-ai,1.0,Yellow,all_inferred,5,4.2,,False
pixley-ai,0.764706,Green,all_inferred,4,4.25,,False
leadbay,1.0,Green,all_inferred,4,4.5,,False
nucleo,1.0,Green,all_inferred,4,4.5,,True
tornyol,1.0,Yellow,all_inferred,4,4.5,,False
s2-dev,1.0,Green,all_inferred,5,4.2,,False
patent-watch,1.0,Green,all_inferred,5,4.2,,False
anto-biosciences,1.0,Yellow,all_inferred,4,4.75,,False
imagine-ai,1.0,Green,all_inferred,5,4.2,,False
expected-parrot,1.0,Green,all_inferred,5,4.2,,False
everest,1.0,Green,all_inferred,5,4.2,,False
scott-ai,0.761905,Green,all_inferred,5,4.2,,False
aside,1.0,Green,all_inferred,6,4.1667,,False
hireglide,1.0,Green,all_inferred,5,4.2,,False
zalos,1.0,Green,mixed,6,4.3333,0.7292,False
sourcebot,1.0,Green,all_inferred,5,4.4,,False
spatial-ai,1.0,Yellow,all_inferred,4,4.5,,True
lua-global-inc,1.0,Green,all_inferred,5,4.2,,False
crunched,1.0,Green,all_inferred,5,4.6,,False
usenarrative,1.0,Green,all_inferred,4,4.5,,True
primer,1.0,Yellow,all_inferred,4,4.5,,True
specific,1.0,Green,all_inferred,4,4.5,,True
automax-ai,1.0,Green,all_inferred,5,4.6,,False
clad-labs,1.0,Green,all_inferred,3,4.3333,,True
absurd,0.809524,Yellow,all_inferred,5,4.2,,False
kalpa-labs,1.0,Green,all_inferred,5,4.6,,True
metorial,1.0,Green,all_inferred,5,4.4,,False
arcten,1.0,Green,all_inferred,5,4.2,,False
denki,1.0,Yellow,all_inferred,6,4.5,,False
savahq,1.0,Yellow,all_inferred,3,4.6667,,True
icarus,1.0,Yellow,all_inferred,5,4.8,,False
karumi,1.0,Green,all_inferred,5,4.4,,False
mantle,1.0,Green,all_inferred,6,4.3333,,False
uselemma,1.0,Green,all_inferred,5,4.6,,False
exonic,1.0,Yellow,all_inferred,6,4.1667,,False
jarmin,1.0,Green,all_inferred,5,4.4,,False
castari,1.0,Green,all_inferred,5,4.4,,False
rovi-health,1.0,Green,all_inferred,5,4.6,,False
miniswap,1.0,Green,all_inferred,5,4.4,,False
freeport-markets,1.0,Green,all_inferred,4,4.5,,True
boom-ai,1.0,Green,all_inferred,6,4.1667,,False
telemetron-ai,1.0,Green,all_inferred,6,4.1667,,False
the-hog,1.0,Green,all_inferred,6,4.3333,,False
lightberry,1.0,Yellow,all_inferred,5,4.4,,False
bluma,1.0,Green,all_inferred,5,4.6,,False
forge-robotics,1.0,Green,all_inferred,5,4.6,,False
amera,1.0,Green,all_inferred,5,4.4,,False
diligencesquared-inc,1.0,Green,all_inferred,6,4.3333,,False
velvet,1.0,Green,all_inferred,3,4.6667,,True
axial-composites-industries,1.0,Yellow,all_inferred,5,4.2,,False
lunabill,1.0,Green,all_inferred,5,4.2,,False
claybird,1.0,Green,all_inferred,5,4.4,,True
fastshot,1.0,Green,all_inferred,4,4.75,,True
clicks,1.0,Green,all_inferred,6,4.3333,,False
dome,1.0,Green,all_inferred,5,4.4,,False
markit,1.0,Green,all_inferred,6,4.3333,,False
zarna,0.608696,Green,all_inferred,5,4.6,,False
moss,1.0,Green,all_inferred,5,4.4,,False
bear,1.0,Green,all_inferred,4,4.5,,True
fixpoint,1.0,Green,all_inferred,5,4.4,,False
openroll,1.0,Yellow,all_inferred,5,4.2,,False
rivet-design,1.0,Green,all_inferred,5,4.6,,False
item,1.0,Green,all_inferred,6,4.3333,,False
mayflower,1.0,Green,all_inferred,5,4.4,,False
zephyr-fusion,0.222222,Low-Priority,all_inferred,4,4.5,,False
jsx-tool,1.0,Green,all_inferred,5,4.2,,False
leeroo,1.0,Yellow,all_inferred,5,4.4,,True
atum-works,0.0,Low-Priority,all_inferred,4,4.5,,True
willow,1.0,Green,all_inferred,4,4.5,,True
aviro,1.0,Green,all_inferred,1,3.0,,True
partcl,1.0,Green,all_inferred,5,4.4,,True
opine,1.0,Green,all_inferred,4,4.5,,True
atlog,1.0,Green,all_inferred,5,4.2,,True
blaxel,1.0,Green,all_inferred,5,4.4,,False
qfex,1.0,Green,all_inferred,5,4.6,,False
chestnut,1.0,Yellow,all_inferred,5,4.4,,False
frekil,1.0,Yellow,all_inferred,6,4.5,,False
plexe,1.0,Green,all_inferred,4,4.5,,True
kashikoi,1.0,Green,all_inferred,5,4.6,,True
aravolta,1.0,Green,all_inferred,6,4.1667,,False
vybe,1.0,Green,all_inferred,5,4.4,,False
nao-labs,1.0,Green,all_inferred,4,4.5,,True
bitboard,0.818182,Green,all_inferred,5,4.4,,False
golf,1.0,Green,all_inferred,5,4.6,,True
notus-autonomous-systems,0.608696,Yellow,all_inferred,5,4.6,,False
cubic,1.0,Green,all_inferred,5,4.4,,False
bloom-4,1.0,Green,all_inferred,4,4.5,,True
avallon-ai,1.0,Green,all_inferred,4,4.5,,True
groundcontrol,1.0,Green,all_inferred,5,4.4,,False
kanava-ai,1.0,Green,all_inferred,6,4.0,,False
minerva,0.818182,Green,mixed,5,4.4,0.7266,True
cua,1.0,Green,all_inferred,4,4.5,,True
synthiolabs,1.0,Green,all_inferred,5,4.2,,True
galen-ai,1.0,Green,all_inferred,6,4.3333,,False
neoncoral,1.0,Green,all_inferred,3,3.6667,,True
auctor,1.0,Yellow,all_inferred,4,4.25,,True
ralo,1.0,Green,all_inferred,4,4.5,,True
acolite,1.0,Green,all_inferred,4,4.5,,True
capacitive,1.0,Green,all_inferred,5,4.4,,True
claim-health,1.0,Green,all_inferred,5,4.6,,False
almond-2,1.0,Yellow,all_inferred,4,4.5,,True
chonkie,1.0,Green,all_inferred,4,4.5,,False
helixdb,1.0,Green,all_inferred,4,4.75,,True
the-robot-learning-company,1.0,Yellow,all_inferred,3,4.6667,,True
zeon-systems,1.0,Yellow,all_inferred,6,4.1667,,False
dolphin,1.0,Green,all_inferred,5,4.4,,False
kaelio,1.0,Green,all_inferred,5,4.4,,False
beluga,1.0,Green,all_inferred,5,4.6,,True
clarm,1.0,Green,all_inferred,4,4.5,,True
sim,1.0,Green,all_inferred,4,4.25,,True
stratify,1.0,Green,all_inferred,4,4.5,,True
youlearn,1.0,Green,all_inferred,4,4.5,,True
typeos,0.777778,Green,all_inferred,4,4.5,,True
percival,1.0,Green,all_inferred,4,4.5,,True
mbodi-ai,1.0,Yellow,all_inferred,5,4.6,,True
kirana-ai,1.0,Green,all_inferred,5,4.0,,False
caucus,1.0,Green,all_inferred,5,4.4,,False
pgdog,1.0,Green,all_inferred,5,4.4,,False
attune,1.0,Green,all_inferred,4,4.75,,False
kestral,1.0,Green,all_inferred,5,4.4,,False
bluejay,1.0,Green,all_inferred,5,4.4,,True
better-auth,1.0,Green,all_inferred,6,4.0,,False
parsewise,1.0,Green,all_inferred,5,4.2,,True
refresh,1.0,Yellow,all_inferred,4,4.25,,True
the-llm-data-company,0.764706,Green,all_inferred,4,4.25,,True
tinfoil,1.0,Yellow,all_inferred,5,4.2,,False
trapeze,1.0,Green,all_inferred,5,4.2,,False
jeevy-fabrication,1.0,Yellow,all_inferred,6,4.0,,False
chiron,0.555556,Green,all_inferred,4,4.5,,True
voiceos,1.0,Green,all_inferred,5,4.2,,False
combinely,1.0,Green,all_inferred,5,4.2,,True
clado,1.0,Green,all_inferred,4,4.25,,True
tegore,0.571429,Green,all_inferred,5,4.2,,False
sixtyfour,1.0,Green,all_inferred,4,4.25,,True
photonium,1.0,Yellow,all_inferred,5,4.2,,False
labric,1.0,Green,all_inferred,4,4.25,,True
opusense-ai,1.0,Green,all_inferred,5,4.4,,False
clidey,1.0,Green,all_inferred,5,4.4,,False
habit,0.176471,Low-Priority,mixed,4,4.25,0.7679,True
kaizen,1.0,Green,all_inferred,4,4.5,,True
ticket-wallet,1.0,Green,all_inferred,5,4.2,,False
runrl,1.0,Green,all_inferred,4,4.25,,False
morphik,1.0,Green,all_inferred,4,4.25,,True
nomi,1.0,Green,all_inferred,4,4.25,,True
casco,1.0,Green,all_inferred,5,4.2,,False
crimson,0.761905,Green,mixed,5,4.2,0.7194,False
flott-hq,1.0,Green,all_inferred,5,4.2,,False
lucis,0.777778,Green,all_inferred,4,4.5,,True
throxy,1.0,Green,all_inferred,5,4.4,,False
cleon,1.0,Green,all_inferred,5,4.2,,True
lyrahq,0.761905,Green,all_inferred,5,4.2,,False
theta,1.0,Green,all_inferred,3,4.3333,,True
novoflow,0.761905,Green,mixed,5,4.2,0.7049,False
prism,1.0,Green,all_inferred,3,4.0,,True
qualgent,1.0,Green,all_inferred,5,4.2,,False
human-behavior,1.0,Green,all_inferred,4,4.25,,True
alkali,1.0,Yellow,all_inferred,4,4.5,,True
besimple-ai,0.809524,Green,all_inferred,5,4.2,,False
jazzberry,0.642857,Low-Priority,all_inferred,3,4.6667,,True
powermatrix,1.0,Yellow,all_inferred,4,4.25,,False
vesence,1.0,Green,all_inferred,5,4.2,,False
third-chair,1.0,Green,all_inferred,5,4.4,,False
klavis-ai,1.0,Green,all_inferred,4,4.5,,False
paraquery,1.0,Green,all_inferred,4,4.25,,False
sygaldry-technologies,1.0,Yellow,all_inferred,4,4.25,,True
boost-robotics,1.0,Green,all_inferred,5,4.2,,False
vassar-robotics,1.0,Yellow,all_inferred,4,4.5,,True
morphoai,1.0,Green,all_inferred,5,4.2,,False
eloquent-ai,1.0,Green,all_inferred,5,4.2,,False
scalar-field,1.0,Green,all_inferred,5,4.2,,False
saffron-health,1.0,Green,all_inferred,5,4.2,,False
bramante-biologics,0.615385,Yellow,all_inferred,3,4.3333,,True
valuemate,1.0,Green,all_inferred,6,4.3333,,False
zero,1.0,Green,all_inferred,5,4.2,,True
hemut,1.0,Green,all_inferred,6,4.1667,,True
janus,1.0,Green,all_inferred,6,4.1667,,True
relixir,1.0,Green,all_inferred,5,4.0,,True
mesmer,1.0,Green,all_inferred,5,4.2,,False
lapel,1.0,Green,all_inferred,5,4.2,,False
chrt,0.846154,Green,all_inferred,6,4.3333,,False
mindfort,1.0,Yellow,all_inferred,6,4.3333,,False
probo,1.0,Green,all_inferred,5,4.6,,False
adentris,1.0,Yellow,all_inferred,5,4.4,,True
rimba,1.0,Green,all_inferred,6,4.3333,,False
moby-analytics,1.0,Green,all_inferred,6,4.1667,,True
nimbic-ai,1.0,Green,all_inferred,4,4.25,,True
delty,1.0,Yellow,all_inferred,4,4.0,,True
cotool,1.0,Green,all_inferred,6,4.1667,,False
propolis,1.0,Green,all_inferred,5,4.2,,True
den,1.0,Green,all_inferred,5,4.2,,True
mlop,1.0,Green,all_inferred,5,4.2,,True
lumari,1.0,Green,all_inferred,5,4.2,,True
code-four,1.0,Green,all_inferred,5,4.2,,False
linewise,1.0,Green,all_inferred,6,4.3333,,False
oncactus,1.0,Green,all_inferred,5,4.2,,True
wavedash,1.0,Yellow,all_inferred,4,4.25,,True
starsling,1.0,Green,all_inferred,5,4.2,,False
text-ai,1.0,Green,all_inferred,6,3.8333,,False
theorem-2,1.0,Yellow,all_inferred,5,4.4,,False
airweave,1.0,Green,all_inferred,5,4.4,,True
sieveai,0.818182,Green,all_inferred,5,4.4,,False
blueshoe,0.761905,Green,all_inferred,5,4.2,,False
bond,1.0,Green,all_inferred,5,4.2,,True
cascade-space,1.0,Yellow,all_inferred,5,4.2,,True
aegis,1.0,Green,all_inferred,5,4.2,,True
bitpatrol,1.0,Green,all_inferred,5,4.0,,True
godela,1.0,Yellow,all_inferred,5,4.2,,True
foundation-industries,0.277778,Low-Priority,all_inferred,4,4.5,,False
sureform,1.0,Yellow,all_inferred,4,4.25,,True
docket,0.0,Low-Priority,all_inferred,5,4.2,,True
cohesive,0.0,Low-Priority,all_inferred,5,4.2,,False
poka-labs,0.0,Low-Priority,all_inferred,6,4.1667,,False
simplex,0.0,Low-Priority,all_inferred,5,4.2,,True
central,0.0,Low-Priority,mixed,5,4.6,0.7421,False
fuse-2,0.0,Low-Priority,all_inferred,5,4.0,,False
overeasy,0.0,Low-Priority,all_inferred,1,3.0,,True
acx,0.0,Low-Priority,all_inferred,5,4.2,,True
ligo-biosciences,0.0,Low-Priority,all_inferred,5,4.4,,False
spur,0.0,Low-Priority,all_inferred,4,4.25,,True
evolvere-biosciences,0.0,Low-Priority,all_inferred,5,4.2,,False
coval,1.0,Green,all_inferred,5,4.2,,False
angstrom-ai,1.0,Yellow,all_inferred,6,4.3333,,False
ultra,1.0,Yellow,all_inferred,5,4.2,,False
abel-police,1.0,Green,all_inferred,5,4.2,,True
roger-2,1.0,Green,all_inferred,6,4.3333,,False
miru-ml,1.0,Green,all_inferred,5,4.2,,False
spherecast,0.846154,Green,mixed,6,4.3333,0.7193,False
apten,1.0,Green,all_inferred,5,4.2,,True
domu-technology-inc,1.0,Green,all_inferred,5,4.2,,True
undermind,1.0,Green,all_inferred,5,4.2,,False
superunit,1.0,Green,all_inferred,5,4.2,,False
doublezero,1.0,Green,all_inferred,5,4.0,,False
understood-care,0.761905,Yellow,all_inferred,5,4.2,,False
cheers,1.0,Green,all_inferred,5,4.2,,False
mem0,1.0,Green,all_inferred,4,4.5,,True
glasskube,1.0,Yellow,all_inferred,5,4.2,,False
saphira-ai,1.0,Green,all_inferred,5,4.2,,True
theseus,1.0,Yellow,all_inferred,5,4.4,,False
synnax,1.0,Green,all_inferred,5,4.4,,False
comfy-deploy,1.0,Green,all_inferred,6,4.0,,False
spaceium-inc,1.0,Yellow,all_inferred,5,4.6,,False
educato,1.0,Green,all_inferred,5,4.2,,False
prohostai,1.0,Green,all_inferred,5,4.2,,False
pre,1.0,Yellow,all_inferred,5,4.2,,False
hamming-ai,1.0,Green,all_inferred,5,4.2,,False
mdhub,1.0,Green,all_inferred,5,4.4,,False
claimsorted,1.0,Green,all_inferred,5,4.2,,False
entangl,1.0,Green,all_inferred,5,4.2,,True
codes-health,1.0,Green,all_inferred,5,4.2,,True
unsloth-ai,1.0,Green,all_inferred,5,4.4,,False
random-labs,0.777778,Green,all_inferred,4,4.5,,True
digitalcarbon,1.0,Green,all_inferred,5,4.2,,False
bayesline,0.761905,Green,all_inferred,5,4.2,,False
flyflow,1.0,Green,all_inferred,4,4.25,,False
callback,1.0,Green,all_inferred,5,4.2,,True
tabula,1.0,Green,mixed,5,4.4,0.877,True
invaria,1.0,Green,all_inferred,4,4.5,,False
stack-auth,1.0,Green,all_inferred,5,4.2,,False
sagecare,1.0,Green,mixed,5,4.2,0.7911,False
videogen,1.0,Green,all_inferred,5,4.2,,False
phonely,1.0,Green,all_inferred,5,4.2,,False
corgi-insurance,0.809524,Green,all_inferred,5,4.2,,False
maitai,1.0,Green,all_inferred,5,4.2,,False
wordware,1.0,Green,all_inferred,6,4.1667,,False
sorcerer,1.0,Green,all_inferred,5,4.4,,True
firstwork,1.0,Green,all_inferred,5,4.2,,False
ideate-xyz,0.857143,Yellow,all_inferred,5,4.2,,False
stardrift,1.0,Green,all_inferred,5,4.2,,True
decisional-ai,1.0,Green,all_inferred,5,4.2,,True
azalea-robotics-corporation,1.0,Yellow,all_inferred,5,4.2,,False
retrofix,1.0,Green,all_inferred,5,4.4,,False
unbound,1.0,Green,all_inferred,4,4.25,,True
hyrex,1.0,Green,all_inferred,5,4.4,,True
silurian,1.0,Green,all_inferred,6,4.3333,,False
networkocean,1.0,Yellow,all_inferred,4,4.5,,True
cloudglue,1.0,Green,all_inferred,5,4.6,,True
rewbi,1.0,Green,all_inferred,5,4.6,,False
proxis,1.0,Green,all_inferred,5,4.0,,False
zuni,1.0,Green,all_inferred,5,4.2,,True
scape,1.0,Green,all_inferred,5,4.2,,True
deepsim-inc,1.0,Green,all_inferred,5,4.4,,False
storia-ai,1.0,Green,all_inferred,6,4.1667,,False
offstream,1.0,Green,all_inferred,5,4.2,,False
elevate-2,1.0,Yellow,all_inferred,5,4.4,,False
lucible,1.0,Green,all_inferred,5,4.6,,False
dodo,1.0,Yellow,all_inferred,5,4.6,,False
ares-industries,1.0,Yellow,all_inferred,3,4.6667,,True
runlocal-ai,1.0,Green,all_inferred,5,4.6,,True
codeviz,1.0,Green,all_inferred,5,4.2,,False
parahelp,1.0,Green,all_inferred,5,4.2,,True
joinlore,0.705882,Green,all_inferred,4,4.25,,True
snowpilot,1.0,Green,all_inferred,5,4.4,,False
minusx,1.0,Green,all_inferred,5,4.4,,False
camfer,1.0,Yellow,all_inferred,4,4.5,,True
tivara,1.0,Green,all_inferred,3,4.3333,,True
kenley,1.0,Green,all_inferred,3,4.3333,,True
tandem-2,0.761905,Green,all_inferred,5,4.2,,False
weave-robotics,1.0,Yellow,all_inferred,5,4.2,,True
gauge,1.0,Green,all_inferred,5,4.4,,True
aminoanalytica,1.0,Green,all_inferred,5,4.6,,False
dench-com,1.0,Green,all_inferred,6,4.3333,,False
autopallet-robotics,1.0,Yellow,all_inferred,5,4.4,,False
pulse-3,1.0,Green,all_inferred,4,4.5,,True
plume,1.0,Green,all_inferred,5,4.2,,False
ledgerup,1.0,Green,all_inferred,5,4.2,,False
dmodel,0.0,Low-Priority,all_inferred,3,4.3333,,True
modus,1.0,Green,all_inferred,5,4.2,,False
lighthouz-ai,1.0,Green,all_inferred,5,4.6,,False
mito-health,0.818182,Yellow,all_inferred,5,4.4,,False
the-synthesis-company,1.0,Green,all_inferred,5,4.2,,False
substrate,1.0,Green,all_inferred,5,4.2,,True
taxgpt,1.0,Green,all_inferred,5,4.2,,True
fazeshift,1.0,Green,all_inferred,5,4.6,,False
benchify,0.857143,Green,all_inferred,5,4.2,,True
anthrogen,0.782609,Green,all_inferred,5,4.6,,False
kopra-bio,0.0,Low-Priority,all_inferred,4,4.75,,False
kastle,1.0,Green,all_inferred,5,4.2,,False
creativemode,1.0,Green,all_inferred,4,4.5,,True
conveo,1.0,Green,all_inferred,5,4.2,,False
manaflow,1.0,Green,all_inferred,5,4.6,,False
panora,1.0,Green,all_inferred,5,4.6,,True
aluna,0.722222,Yellow,all_inferred,4,4.5,,True
ontra-mobility,1.0,Green,all_inferred,5,4.2,,False
promi,1.0,Green,all_inferred,5,4.2,,False
expand-ai,1.0,Green,all_inferred,5,4.2,,False
clearly-ai,1.0,Green,all_inferred,5,4.2,,False
saturn,1.0,Green,all_inferred,6,4.1667,,False
zoa-research,1.0,Green,all_inferred,5,4.2,,False
reactwise,1.0,Yellow,all_inferred,6,4.0,,False
1849-bio,1.0,Yellow,all_inferred,5,4.0,,False
vibe,1.0,Green,all_inferred,4,4.25,,True
finny-ai,1.0,Green,all_inferred,5,4.2,,False
magicode,1.0,Green,all_inferred,5,4.2,,True
hestus-inc,1.0,Yellow,all_inferred,5,3.8,,False
anara,0.857143,Green,all_inferred,5,4.2,,False
planbase,1.0,Green,all_inferred,5,4.2,,True
redouble-ai,0.75,Green,all_inferred,5,4.0,,False
dimely,1.0,Green,all_inferred,5,4.2,,False
lumenary,1.0,Green,all_inferred,5,4.0,,False
drillbit,1.0,Green,all_inferred,5,4.2,,False
deepsilicon,1.0,Yellow,all_inferred,3,4.6667,,True
seals-ai,1.0,Green,all_inferred,6,4.1667,,False
biocartesian,1.0,Yellow,all_inferred,5,4.2,,False
winfunc,1.0,Yellow,all_inferred,5,4.2,,False
opslane,1.0,Green,all_inferred,5,4.2,,True
autumn-labs,1.0,Green,all_inferred,5,4.0,,False
conductor-quantum,1.0,Yellow,all_inferred,5,4.2,,False
pax,1.0,Green,all_inferred,5,4.2,,False
stempad,1.0,Green,all_inferred,5,3.8,,False
beebettor,1.0,Green,all_inferred,4,4.0,,False
david-ai,1.0,Green,all_inferred,3,4.3333,,True
mage-legal,1.0,Green,all_inferred,5,4.0,,True
distro,1.0,Green,all_inferred,5,4.2,,True
remade,0.5,Red,all_inferred,4,4.0,,True
zeit-ai,1.0,Green,all_inferred,4,4.25,,True
emergent,1.0,Yellow,all_inferred,5,4.2,,False
kura-ai,1.0,Green,all_inferred,5,4.2,,False
thunder-compute,1.0,Green,all_inferred,5,4.2,,True
ember-robotics,1.0,Green,all_inferred,5,4.2,,True
pinnacle,1.0,Green,all_inferred,4,4.25,,True
intryc,1.0,Green,all_inferred,5,4.2,,False
parley,1.0,Green,all_inferred,5,4.2,,False
soff,1.0,Green,all_inferred,5,4.0,,True
mineflow,1.0,Yellow,all_inferred,5,4.2,,False
brighterway,1.0,Green,all_inferred,5,4.2,,False
schemeflow,1.0,Green,all_inferred,5,4.2,,False
zettascale,1.0,Yellow,all_inferred,4,4.25,,False
praxos,1.0,Green,all_inferred,4,4.25,,True
the-forecasting-company,1.0,Green,all_inferred,4,4.25,,True
presti-ai,1.0,Green,all_inferred,5,4.2,,False
cerulion,1.0,Yellow,all_inferred,5,4.2,,False
laminar,1.0,Green,all_inferred,5,4.2,,True
guardian-rf,1.0,Yellow,all_inferred,6,4.1667,,False
sensei,1.0,Yellow,all_inferred,4,4.25,,False
simple-ai,1.0,Green,all_inferred,4,4.25,,True
palmier,0.818182,Green,all_inferred,5,4.4,,False
lilac-labs,1.0,Green,all_inferred,5,4.2,,False
refactor,1.0,Green,all_inferred,4,4.5,,False
paasa,1.0,Green,all_inferred,5,4.2,,False
cartage,1.0,Green,all_inferred,4,4.25,,True
sonatoria,0.666667,Green,all_inferred,3,4.0,,True
riskangle,1.0,Green,all_inferred,5,4.4,,True
baseline-ai,1.0,Green,all_inferred,5,4.4,,False
odo,1.0,Green,all_inferred,4,4.25,,True
finosu,1.0,Green,all_inferred,5,4.4,,False
haystack-software,1.0,Green,all_inferred,5,4.2,,False
ai-2,1.0,Green,all_inferred,5,4.2,,True
helium,1.0,Yellow,all_inferred,5,4.4,,False
heroui,0.764706,Green,all_inferred,4,4.25,,False
rescript,1.0,Green,all_inferred,5,4.2,,False
ionworks,1.0,Green,all_inferred,5,4.2,,False
thyme,1.0,Green,all_inferred,5,4.2,,False
handled,1.0,Green,all_inferred,6,4.3333,,False
dataleap,1.0,Green,all_inferred,4,4.5,,False
starcloud,1.0,Yellow,all_inferred,4,4.5,,False
leviathan,1.0,Green,all_inferred,4,4.5,,True
zeropath,1.0,Yellow,all_inferred,4,4.5,,True
argil,1.0,Green,all_inferred,3,4.6667,,True
vendra,1.0,Green,all_inferred,4,4.25,,False
propaya,1.0,Green,all_inferred,5,4.2,,False
entropy,1.0,Green,all_inferred,5,4.4,,False
weel,1.0,Green,all_inferred,5,4.2,,False
kontigo,1.0,Green,all_inferred,5,4.6,,False
polymet,1.0,Green,all_inferred,4,4.25,,False
omnidock,1.0,Green,all_inferred,5,4.4,,False
autarc,1.0,Green,all_inferred,5,4.6,,False
assembly-hoa,1.0,Green,all_inferred,5,4.0,,False
sepal-ai,1.0,Green,all_inferred,5,4.2,,False
orcaengine,1.0,Yellow,all_inferred,4,4.5,,True
sterling-labs-inc,1.0,Yellow,all_inferred,5,4.4,,False
moreta,1.0,Yellow,all_inferred,4,4.25,,False
typa,1.0,Green,all_inferred,5,4.2,,False
quetzal,1.0,Green,all_inferred,5,4.0,,False
rastro,1.0,Green,all_inferred,5,4.4,,True
voker,1.0,Green,all_inferred,5,4.2,,False
tradeflow,1.0,Green,all_inferred,5,4.2,,False
rentflow,1.0,Green,all_inferred,4,4.5,,False
pap,1.0,Green,all_inferred,5,4.4,,False
blaze-2,1.0,Green,all_inferred,4,4.25,,False
elayne,0.571429,Low-Priority,all_inferred,5,4.2,,False
oway,1.0,Green,all_inferred,5,4.2,,False
bucket-robotics,1.0,Green,all_inferred,5,4.6,,False
saldor,1.0,Green,all_inferred,5,4.2,,True
usul,1.0,Green,all_inferred,5,4.2,,True
surebright,1.0,Green,all_inferred,5,4.2,,False
diode-computers-inc,1.0,Yellow,all_inferred,5,4.2,,True
dayflow,1.0,Green,all_inferred,5,4.2,,True
terra-2,1.0,Green,all_inferred,5,4.2,,True
keet,1.0,Green,all_inferred,5,4.2,,False
et-al,1.0,Green,all_inferred,5,4.2,,False
pharos,1.0,Green,all_inferred,5,4.4,,False
vera-health,0.782609,Green,all_inferred,5,4.6,,True
pipeshift,1.0,Green,all_inferred,5,4.2,,False
rowboat-labs,1.0,Green,all_inferred,5,4.0,,False
ficra,1.0,Green,all_inferred,5,4.2,,False
hey-revia,1.0,Green,all_inferred,5,4.4,,False
henry-2,1.0,Green,all_inferred,5,4.2,,False
browseros,1.0,Green,all_inferred,4,4.5,,True
xtraffic,1.0,Green,all_inferred,5,4.2,,False
anglera,1.0,Green,all_inferred,5,4.2,,False
void,1.0,Green,all_inferred,5,4.2,,True
capitol-ai,1.0,Green,all_inferred,5,4.2,,False
overlap,1.0,Green,all_inferred,5,4.2,,True
formula-insight,1.0,Green,all_inferred,5,4.2,,False
mica-ai,1.0,Green,all_inferred,5,4.2,,False
village-labs,1.0,Green,all_inferred,5,4.2,,False
patched,1.0,Green,all_inferred,5,4.2,,True
orgorg,1.0,Green,all_inferred,6,3.6667,,False
affil-ai,1.0,Green,all_inferred,4,4.25,,True
arva-ai,1.0,Green,all_inferred,5,4.4,,False
freestyle,1.0,Green,all_inferred,4,4.25,,False
merlin-ai,0.884615,Green,all_inferred,6,4.3333,,False
simcare,0.571429,Green,all_inferred,5,4.2,,False
midship,1.0,Green,all_inferred,5,4.2,,True
bits-to-atoms,1.0,Green,all_inferred,5,4.2,,True
pathpilot,1.0,Green,all_inferred,5,4.2,,False
syntra,1.0,Green,all_inferred,5,4.2,,False
conductor,0.761905,Green,all_inferred,5,4.2,,True
dreamrp,0.1875,Red,all_inferred,4,4.0,,False
outerport,1.0,Yellow,all_inferred,5,4.2,,True
stormy-ai,0.764706,Green,all_inferred,4,4.25,,False
autumn,1.0,Green,all_inferred,5,4.2,,False
fluidize,1.0,Green,all_inferred,5,4.2,,True
ambral,1.0,Green,all_inferred,5,4.2,,False
wayline,1.0,Green,all_inferred,5,4.0,,False
serafis,1.0,Green,all_inferred,5,4.2,,False
nixo,1.0,Green,all_inferred,5,3.8,,False
cactus,1.0,Yellow,all_inferred,4,4.5,,True
synthetic-society,1.0,Green,all_inferred,4,4.5,,True
rid,1.0,Green,all_inferred,5,4.2,,False
pingo-ai,0.761905,Green,all_inferred,5,4.2,,False
adaptional,1.0,Green,all_inferred,5,4.4,,False
getasap,1.0,Yellow,all_inferred,6,4.3333,,False
meteor,0.842105,Green,mixed,5,3.8,0.7043,False
closera,1.0,Green,all_inferred,4,4.25,,True
dedalus-labs,1.0,Green,all_inferred,5,4.4,,False
acrely,1.0,Green,all_inferred,5,4.2,,True
the-prompting-company,1.0,Green,all_inferred,5,4.4,,False
mangodesk,1.0,Yellow,all_inferred,5,4.2,,False
halluminate,1.0,Green,all_inferred,5,4.4,,False
traceroot-ai,1.0,Green,all_inferred,5,4.4,,True
agentmail,1.0,Green,all_inferred,4,4.25,,True
truthsystems,1.0,Green,all_inferred,5,4.2,,False
blank-bio,1.0,Yellow,all_inferred,5,4.0,,False
astor,1.0,Green,all_inferred,5,4.2,,False
lanesurf,1.0,Yellow,all_inferred,5,4.2,,False
gitdot,0.75,Green,all_inferred,4,4.0,,True
golpo,1.0,Green,all_inferred,4,4.25,,False
shor,1.0,Green,all_inferred,5,4.2,,False
pond,1.0,Green,all_inferred,5,4.2,,True
liva-ai,1.0,Green,all_inferred,4,4.25,,True
playgent,1.0,Green,all_inferred,5,4.2,,False
verne-robotics,1.0,Yellow,all_inferred,4,4.25,,False
zeroeval,1.0,Green,all_inferred,4,4.25,,True
contextfort,1.0,Green,all_inferred,5,4.4,,False
datafruit,1.0,Green,all_inferred,5,4.2,,True
topological,1.0,Green,all_inferred,5,4.2,,False
lark,1.0,Green,all_inferred,5,4.2,,False
bitrig,1.0,Green,all_inferred,5,4.2,,False
effigov,1.0,Green,all_inferred,5,4.2,,True
design-arena,1.0,Green,all_inferred,4,4.25,,True
lotas,1.0,Green,all_inferred,4,4.25,,False
monarcha,1.0,Green,all_inferred,6,4.0,,False
overdrive-health,1.0,Green,all_inferred,5,4.2,,True
orange-slice,1.0,Green,all_inferred,5,4.2,,False
nuntius,1.0,Green,all_inferred,4,4.25,,True
wafer,1.0,Yellow,all_inferred,4,4.25,,True
panels,1.0,Yellow,all_inferred,4,4.25,,True
qualify-bot,1.0,Green,all_inferred,5,4.2,,True
cyberdesk,1.0,Green,all_inferred,5,4.2,,False
tryjanet,1.0,Green,all_inferred,6,4.0,,False
lilac,1.0,Yellow,all_inferred,4,4.5,,True
imprezia,1.0,Green,all_inferred,4,4.25,,True
alter,1.0,Green,all_inferred,6,4.3333,,False
ondeck-ai,1.0,Green,all_inferred,5,4.2,,False
skope,1.0,Green,all_inferred,5,4.2,,True
frizzle,1.0,Green,all_inferred,5,4.2,,False
deepgrove,1.0,Green,all_inferred,3,4.6667,,True
proliferate,1.0,Green,all_inferred,5,4.6,,True
sagekit,0.705882,Green,all_inferred,4,4.25,,True
stockline,1.0,Green,all_inferred,5,4.2,,False
deepaware-ai,1.0,Green,all_inferred,5,4.2,,False
tesora,1.0,Green,all_inferred,5,4.2,,True
kestroll,1.0,Green,all_inferred,1,3.0,,True
pangolin,1.0,Green,all_inferred,5,4.4,,True
careswift,1.0,Green,all_inferred,5,4.4,,False
wedge,0.782609,Yellow,all_inferred,5,4.6,,True
slashy,1.0,Green,all_inferred,4,4.25,,True
cocreate,1.0,Green,all_inferred,5,4.4,,False
agenthub-2,1.0,Green,all_inferred,6,4.1667,,False
nexa-labs,1.0,Green,all_inferred,6,4.3333,,False
bootloop,1.0,Yellow,all_inferred,5,4.6,,False
stellon-labs,1.0,Green,all_inferred,4,4.75,,False
kalinda,1.0,Green,all_inferred,6,4.3333,,False
parachute,0.608696,Green,all_inferred,5,4.6,,True
louiza-labs,1.0,Green,all_inferred,5,4.4,,False
doe,1.0,Green,all_inferred,4,4.5,,True
ironledger-ai,1.0,Green,all_inferred,5,4.2,,True
theinterface,1.0,Green,all_inferred,4,4.5,,True
trace-so,1.0,Green,all_inferred,6,4.1667,,False
fulcrum,1.0,Green,all_inferred,5,4.4,,True
b12-labs,1.0,Yellow,all_inferred,5,4.6,,False
flai,1.0,Green,all_inferred,5,4.2,,False
embedder,1.0,Green,all_inferred,4,4.75,,True
candytrail,0.809524,Green,all_inferred,5,4.2,,False
epicenter,1.0,Green,all_inferred,5,4.2,,False
channel3,1.0,Green,all_inferred,6,4.3333,,False
ghosteye,1.0,Green,all_inferred,6,4.1667,,True
normal,1.0,Yellow,all_inferred,3,4.0,,True
comena,1.0,Green,all_inferred,5,4.2,,False
vibeflow,1.0,Green,all_inferred,5,4.6,,False
nozomio,1.0,Green,all_inferred,5,4.2,,False
mimos,1.0,Green,all_inferred,6,4.1667,,False
goriff,1.0,Green,all_inferred,4,4.5,,True
albacore-inc,1.0,Yellow,all_inferred,5,4.6,,False
solva,1.0,Green,all_inferred,5,4.6,,True
phases,1.0,Green,all_inferred,5,4.4,,False
perseus-defense,1.0,Yellow,all_inferred,5,4.2,,False
novaflow,1.0,Green,all_inferred,5,4.6,,False
manufact,1.0,Green,all_inferred,5,4.4,,False
hyprnote,1.0,Green,all_inferred,5,4.4,,False
relling,1.0,Yellow,all_inferred,2,4.5,,True
motives,1.0,Green,all_inferred,5,4.6,,True
finto-de,1.0,Green,all_inferred,5,4.8,,True
iron-grid,1.0,Yellow,all_inferred,2,4.5,,True
april,1.0,Green,all_inferred,5,4.4,,True
autosana,1.0,Green,all_inferred,5,4.4,,False
knowlify,1.0,Green,all_inferred,5,4.4,,False
omnara,1.0,Green,all_inferred,5,4.2,,False
risely-ai,1.0,Green,all_inferred,6,4.3333,,False
minimal-ai,1.0,Green,all_inferred,5,4.2,,True
socratix-ai,1.0,Green,all_inferred,6,4.1667,,False
alara,1.0,Green,all_inferred,4,4.25,,True
floot,1.0,Green,all_inferred,5,4.2,,False
idler,1.0,Green,all_inferred,4,4.25,,True
palace,1.0,Green,all_inferred,5,4.2,,False
humoniq,1.0,Green,all_inferred,4,4.25,,False
nautilus,1.0,Green,all_inferred,4,4.25,,True
avelis-health,1.0,Green,all_inferred,5,4.2,,False
pares-ai,1.0,Green,all_inferred,5,4.2,,False
altur,1.0,Green,all_inferred,4,4.5,,True
tryeden,1.0,Green,all_inferred,5,4.2,,False
metis,1.0,Green,all_inferred,4,4.5,,True
f4,1.0,Green,all_inferred,5,4.2,,False
sira,1.0,Green,all_inferred,5,4.2,,False
opennote,0.823529,Green,all_inferred,4,4.25,,True
sigmanticai,1.0,Green,all_inferred,5,4.0,,False
convexia,1.0,Green,all_inferred,5,4.2,,False
pleom,1.0,Green,all_inferred,4,4.25,,True
locata,0.809524,Green,mixed,5,4.2,0.7156,False
pally,1.0,Green,all_inferred,4,4.25,,False
notte,1.0,Green,all_inferred,4,4.25,,False
hera-video,1.0,Green,all_inferred,4,4.25,,False
certus-ai,1.0,Green,mixed,6,4.0,0.7757,False
reacher,1.0,Green,all_inferred,5,4.0,,False
kernel,1.0,Green,all_inferred,5,4.0,,False
dscribe-ai,1.0,Green,all_inferred,4,4.25,,False
okibi,1.0,Green,all_inferred,4,4.25,,False
juxta,1.0,Yellow,all_inferred,4,4.25,,False
flywheel-ai,1.0,Yellow,all_inferred,4,4.25,,True
stagewise,1.0,Green,all_inferred,4,4.25,,False
clodo,1.0,Green,all_inferred,4,4.25,,True
fleetline,1.0,Green,all_inferred,4,4.25,,False
magnetic,1.0,Green,all_inferred,4,4.25,,False
modelence,1.0,Green,all_inferred,5,3.8,,False
perspectives-health,1.0,Green,all_inferred,4,4.25,,False
duranium,1.0,Yellow,all_inferred,4,4.5,,False
tectoai,1.0,Green,all_inferred,4,4.25,,True
rowflow,1.0,Green,all_inferred,5,4.2,,False
munify,1.0,Yellow,all_inferred,4,4.5,,True
interfere,1.0,Green,all_inferred,3,4.0,,True
spotlight-realty,0.823529,Green,all_inferred,4,4.25,,True
geo-ai,1.0,Green,all_inferred,5,4.0,,False
vulcan-technologies,1.0,Green,all_inferred,5,4.2,,False
noso-labs,1.0,Yellow,all_inferred,4,4.25,,False
outrove,1.0,Yellow,all_inferred,4,4.25,,True
veritus,1.0,Green,all_inferred,5,3.8,,False
ruvo,1.0,Yellow,all_inferred,5,4.2,,False
avent,1.0,Green,all_inferred,4,4.25,,True
burnt,1.0,Green,all_inferred,5,4.4,,False
freya,1.0,Green,all_inferred,3,4.0,,True
luminal,1.0,Green,all_inferred,4,4.25,,True
realroots,0.809524,Green,all_inferred,5,4.2,,True
uplift-ai,1.0,Green,all_inferred,6,4.3333,,False
paloma,1.0,Green,all_inferred,6,4.1667,,False
blue,1.0,Yellow,all_inferred,6,4.5,,False
nox-metals,1.0,Yellow,all_inferred,5,4.2,,True
f2,1.0,Green,all_inferred,6,4.3333,,False
governgpt,1.0,Green,all_inferred,5,4.2,,False
yenmo,1.0,Green,all_inferred,5,4.4,,False
jo,1.0,Green,all_inferred,5,4.0,,False
onyx,1.0,Green,all_inferred,6,4.1667,,False
lantern-2,1.0,Green,all_inferred,5,4.4,,False
driver,1.0,Green,all_inferred,5,4.6,,True
gumloop,1.0,Green,all_inferred,6,4.0,,False
event-horizon-labs,1.0,Green,all_inferred,5,4.6,,False
upsolve-ai,1.0,Green,all_inferred,5,4.2,,False
navier-ai,1.0,Green,all_inferred,6,4.5,,False
drymerge,1.0,Green,all_inferred,5,4.4,,False
relari,1.0,Green,all_inferred,5,4.6,,False
tesseral,1.0,Green,all_inferred,6,4.5,,False
radmate-ai,1.0,Green,all_inferred,5,4.4,,False
scritch,1.0,Green,all_inferred,5,4.2,,True
legora,1.0,Green,all_inferred,5,4.4,,True
ego,1.0,Green,all_inferred,6,4.3333,,False
stitch-technologies,1.0,Green,all_matched,1,3.0,0.7471,True
purplepages,1.0,Yellow,all_inferred,3,4.3333,,True
greptile,1.0,Green,all_inferred,5,4.4,,False
ubicloud,1.0,Green,all_inferred,6,4.0,,False
happenstance,1.0,Green,all_inferred,5,4.6,,False
duckie,1.0,Green,all_inferred,5,4.2,,False
ion-design,0.68,Green,all_inferred,6,4.1667,,False
maihem,1.0,Green,all_inferred,5,4.6,,False
sonia,0.363636,Low-Priority,all_inferred,5,4.4,,True
kabilah,1.0,Green,all_inferred,5,4.2,,True
tracecat,1.0,Green,all_inferred,6,4.1667,,False
precip,1.0,Green,all_inferred,5,4.2,,False
nuanced,1.0,Green,all_inferred,5,4.4,,True
maia,0.75,Green,all_inferred,5,4.0,,True
andon-labs,0.826087,Yellow,all_inferred,5,4.6,,False
reducto,1.0,Green,all_inferred,5,4.4,,True
momentic,1.0,Green,all_inferred,5,4.4,,True
tuesday-lab,1.0,Yellow,all_inferred,4,4.5,,True
tile,1.0,Green,all_inferred,5,4.2,,True
newton,1.0,Green,all_inferred,5,4.0,,True
quary,1.0,Green,all_inferred,5,4.4,,False
malibou,1.0,Green,mixed,6,4.1667,0.7087,False
alex-com,0.772727,Green,all_inferred,5,4.4,,False
lumen-payments,1.0,Green,all_inferred,5,4.2,,True
ncompass-technologies,1.0,Green,all_inferred,5,4.4,,True
argon-ai-inc,1.0,Green,all_inferred,6,4.1667,,False
mango-health,0.44,Low-Priority,all_inferred,6,4.1667,,False
garage-2,1.0,Green,all_inferred,6,4.3333,,False
buster,1.0,Green,all_inferred,5,4.2,,True
dgi-apparel,1.0,Green,all_inferred,5,4.2,,False
aidy,1.0,Green,all_inferred,6,4.3333,,False
pivot-robotics,1.0,Yellow,all_inferred,5,4.2,,True
fractal-labs,1.0,Green,all_inferred,3,4.3333,,True
agentic-labs-2,1.0,Green,all_inferred,5,4.2,,False
carousel-technologies,1.0,Green,all_inferred,6,4.3333,,False
basalt,1.0,Green,all_inferred,5,4.4,,False
leaping,1.0,Green,all_inferred,5,4.2,,False
mathdash,0.761905,Green,all_inferred,5,4.2,,True
assembly-2,1.0,Green,all_inferred,5,4.2,,True
avery,1.0,Green,all_inferred,6,4.1667,,False
patchwork,1.0,Green,all_inferred,5,4.2,,True
pointone,1.0,Green,all_inferred,5,4.2,,True
paradigm,1.0,Green,all_inferred,5,4.4,,True
arini,1.0,Green,all_inferred,6,4.1667,,False
furtherai,1.0,Green,all_inferred,6,4.1667,,False
roe,1.0,Green,all_inferred,5,4.2,,True
suretynow,1.0,Green,all_inferred,5,4.2,,False
octolane-ai,1.0,Green,all_inferred,5,4.4,,True
artisan,1.0,Green,all_inferred,6,4.3333,,False
eggnog,1.0,Green,all_inferred,5,4.2,,False
greenboard,1.0,Green,all_inferred,6,4.1667,,False
ecliptor,1.0,Green,all_inferred,3,4.6667,,True
trellis-ai,1.0,Green,all_inferred,6,4.1667,,False
topo,1.0,Green,all_inferred,6,4.3333,,False
verse-therapy,1.0,Green,all_inferred,6,4.1667,,False
tokenowl,1.0,Green,all_inferred,6,4.0,,False
yoneda-labs,1.0,Green,all_inferred,5,4.2,,False
synsorybio,0.0,Low-Priority,all_inferred,4,4.5,,False
copper-health,1.0,Green,all_inferred,5,4.2,,True
blume-benefits,1.0,Green,all_inferred,5,4.2,,False
atopile,1.0,Green,all_inferred,5,4.4,,False
partnerhq,1.0,Green,all_inferred,5,4.4,,False
tusk,1.0,Green,all_inferred,5,4.2,,False
engines,1.0,Green,all_inferred,5,4.4,,True
onegrep,1.0,Green,all_inferred,5,4.2,,False
selera-medical,0.0,Low-Priority,all_inferred,4,4.5,,False
lucite,1.0,Green,all_inferred,5,4.6,,False
attunement,1.0,Green,all_inferred,5,4.2,,True
cloudcruise,1.0,Green,all_inferred,5,4.2,,True
starjar,1.0,Green,all_inferred,5,4.2,,False
meticulate,1.0,Green,all_inferred,5,4.2,,False
celest,1.0,Green,all_inferred,5,4.2,,False
glimmer,1.0,Green,all_inferred,5,4.4,,False
zaymo,1.0,Green,all_inferred,5,4.2,,False
promptarmor,1.0,Green,all_inferred,5,4.2,,True
keywords-ai,1.0,Green,all_inferred,5,4.4,,True
omniai,1.0,Green,all_inferred,6,4.1667,,False
guide-labs,0.809524,Green,all_inferred,5,4.2,,True
speck,1.0,Green,all_inferred,5,4.2,,True
trypillar,1.0,Green,all_inferred,5,4.4,,True
lemonslice,1.0,Green,all_inferred,5,4.2,,True
decipher-ai,1.0,Green,all_inferred,5,4.6,,True
toolify,0.85,Green,all_inferred,5,4.0,,False
cpgscout,1.0,Green,all_inferred,6,4.3333,,False
consul,1.0,Green,all_inferred,5,4.2,,True
clarion,1.0,Green,all_inferred,6,4.3333,,False
tamarind-bio,1.0,Green,all_inferred,6,4.0,,False
14-ai,1.0,Green,all_inferred,5,4.2,,True
inquery-2,1.0,Green,all_inferred,6,4.3333,,False
infinity,1.0,Green,all_inferred,5,4.2,,True
pandasai,1.0,Green,all_inferred,5,4.4,,False
sync-2,1.0,Green,all_inferred,5,4.4,,False
vibrant-labs,1.0,Green,all_inferred,5,4.2,,True
parallel,1.0,Green,all_inferred,5,4.4,,True
aether,1.0,Green,all_inferred,5,4.2,,True
firebender,1.0,Green,all_inferred,6,4.3333,,False
resonance,1.0,Green,all_inferred,5,4.4,,True
crmcopilot,1.0,Green,all_inferred,6,4.0,,False
phospho,1.0,Yellow,all_inferred,5,4.2,,True
centralize,1.0,Green,all_inferred,6,4.3333,,True
salvy,1.0,Green,all_inferred,5,4.2,,False
aedilic,1.0,Green,all_inferred,5,4.2,,True
open,1.0,Green,all_inferred,6,4.0,,False
wuri,1.0,Green,all_inferred,5,4.2,,False
pythagora,0.884615,Green,all_inferred,6,4.3333,,False
solari-ai,1.0,Green,all_inferred,4,4.25,,True
dime-2,1.0,Green,all_inferred,6,4.1667,,False
ellipsis,1.0,Green,all_inferred,5,4.4,,False
metofico,1.0,Green,all_inferred,5,4.2,,False
draftaid,1.0,Green,all_inferred,5,4.4,,False
codeant-ai,1.0,Green,all_inferred,6,4.0,,False
astro-mechanica,1.0,Yellow,all_inferred,5,4.2,,False
browser-buddy,1.0,Green,all_inferred,4,4.25,,True
sagaland,1.0,Green,all_inferred,5,4.2,,True
bilanc,1.0,Green,all_inferred,5,4.2,,True
superagent,1.0,Yellow,all_inferred,6,4.1667,,False
preloop,1.0,Green,all_inferred,5,4.2,,True
carma,1.0,Green,all_inferred,6,4.1667,,False
toma,1.0,Green,all_inferred,5,4.4,,False
tensorfuse,1.0,Green,all_inferred,5,4.4,,False
trieve,1.0,Green,all_inferred,6,4.1667,,False
conduit-ai,1.0,Green,all_inferred,5,4.2,,False
elodin,0.238095,Low-Priority,all_inferred,5,4.2,,True
soundry-ai,1.0,Green,all_inferred,5,4.2,,False
aftercare,1.0,Green,all_inferred,5,4.2,,True
shiboleth,1.0,Green,all_inferred,5,4.4,,False
hazel-2,1.0,Green,all_inferred,6,4.5,,True
andy-ai,1.0,Green,all_inferred,5,4.2,,False
delve,1.0,Green,all_inferred,5,4.2,,True
offdeal,1.0,Green,all_inferred,6,4.3333,,False
abel,1.0,Green,all_inferred,5,4.2,,True
voicepanel,1.0,Green,all_inferred,5,4.2,,True
opencall-ai,1.0,Green,all_inferred,5,4.2,,True
clarum,1.0,Green,all_inferred,6,4.3333,,False
edgetrace,1.0,Green,all_inferred,5,4.6,,True
manifold-freight,1.0,Green,all_inferred,5,4.2,,False
prosights,1.0,Green,all_inferred,4,4.0,,True
centauri-ai,1.0,Green,all_inferred,5,4.2,,False
chunkr,1.0,Green,all_inferred,5,4.2,,False
raindrop,1.0,Green,all_inferred,5,4.2,,False
yondu,1.0,Yellow,all_inferred,5,4.2,,True
heartbyte,0.210526,Red,all_inferred,5,3.8,,False
dianahr,1.0,Green,all_inferred,5,4.2,,False
risotto,1.0,Green,all_inferred,5,4.2,,False
justai,1.0,Green,all_inferred,4,4.5,,True
circleback,1.0,Green,all_inferred,6,4.0,,False
betterbasket,1.0,Green,all_inferred,5,4.2,,False
model-ml,1.0,Green,all_inferred,4,4.25,,True
artos,1.0,Green,all_inferred,5,4.4,,True
oma-care,0.782609,Green,all_inferred,5,4.6,,True
cleva,1.0,Yellow,all_inferred,5,4.6,,False
givefront,1.0,Green,all_inferred,6,4.0,,False
focal,1.0,Yellow,all_inferred,5,4.2,,True
brainbase-labs,1.0,Yellow,all_inferred,4,4.5,,True
sample,1.0,Yellow,all_inferred,5,4.2,,False
lumetric,1.0,Green,all_inferred,5,4.2,,True
alai,1.0,Green,all_inferred,5,4.0,,False
thorntale,1.0,Green,all_inferred,5,3.6,,False
deep24,1.0,Green,all_inferred,5,4.2,,True
triply,1.0,Green,all_inferred,5,4.4,,True
openmart,1.0,Green,all_inferred,4,4.25,,True
zep-ai,1.0,Green,all_inferred,5,4.4,,False
velorum-therapeutics,0.555556,Yellow,all_inferred,4,4.5,,True
bitesight,1.0,Green,all_inferred,5,4.2,,False
sonauto,1.0,Green,all_inferred,5,3.8,,True
shepherd-2,0.857143,Green,all_inferred,5,4.2,,True
hatchet-run,1.0,Green,all_inferred,5,4.2,,False
stacksync,1.0,Green,all_inferred,5,4.2,,False
terrakotta,1.0,Green,all_inferred,5,4.2,,True
downlink,1.0,Green,all_inferred,4,4.25,,True
spark,1.0,Green,all_inferred,6,4.3333,,False
camelai,1.0,Green,all_inferred,5,4.6,,True
rove,0.705882,Green,all_inferred,4,4.25,,True
retell-ai,1.0,Green,all_inferred,5,4.4,,True
ocular-ai,1.0,Green,all_inferred,6,4.3333,,False
adapted,0.571429,Yellow,all_inferred,5,4.2,,True
vista-power,0.590909,Low-Priority,all_inferred,5,4.4,,False
deepnight,1.0,Green,all_inferred,4,4.5,,True
xpay,1.0,Green,mixed,6,4.3333,0.7196,False
fileforge,1.0,Green,all_inferred,6,4.1667,,False
aqua-voice,1.0,Green,all_inferred,4,4.75,,False
basepilot,1.0,Green,all_inferred,5,4.2,,False
fluently,1.0,Green,all_inferred,5,4.6,,False
miden,1.0,Green,all_inferred,5,4.6,,False
veles,1.0,Green,all_inferred,6,4.3333,,False
commodityai,1.0,Green,all_inferred,6,4.5,,False
marblism,1.0,Green,all_inferred,5,4.6,,False
datacurve,1.0,Green,all_inferred,4,4.5,,True
lumona,1.0,Green,all_inferred,5,4.4,,False
ryse,0.736842,Yellow,all_inferred,4,4.75,,True
magic-hour,1.0,Green,all_inferred,5,4.2,,True
penciled,1.0,Green,all_inferred,5,4.6,,False
arcane,0.705882,Green,all_inferred,4,4.25,,True
polar,1.0,Green,all_inferred,5,4.4,,False
openfoundry,1.0,Green,all_inferred,5,4.2,,False
powder,1.0,Green,all_inferred,5,4.4,,False
eris-biotech,0.777778,Yellow,all_inferred,4,4.5,,True
senso,1.0,Yellow,all_inferred,6,4.3333,,False
silogy,1.0,Green,all_inferred,5,4.2,,True
oddsview,1.0,Green,all_inferred,5,4.4,,False
junction-bioscience,0.0,Low-Priority,all_inferred,5,4.2,,False
piramidal,0.222222,Low-Priority,all_inferred,4,4.5,,True
reform,1.0,Green,all_inferred,6,4.3333,,True
cocrafter,1.0,Green,all_inferred,5,4.0,,True
trueclaim,1.0,Green,all_inferred,5,4.4,,True
healia,1.0,Green,all_inferred,5,4.4,,False
haplotype-labs,1.0,Green,all_inferred,5,4.2,,False
granza-bio,0.0,Low-Priority,all_inferred,4,4.5,,True
voxops-ai,1.0,Green,all_inferred,5,4.4,,False
integuru,1.0,Green,all_inferred,5,4.2,,True
forge,1.0,Green,all_inferred,5,4.4,,False
the-new-money-company,1.0,Yellow,all_inferred,5,4.4,,True
fume,1.0,Yellow,all_inferred,5,4.6,,False
renderlet,1.0,Green,all_inferred,5,4.4,,False
dragoneye,1.0,Green,all_inferred,5,4.2,,False
quivr,1.0,Green,all_inferred,5,4.2,,True
tower,1.0,Green,all_inferred,5,4.6,,True
mathos,0.8,Green,all_inferred,6,4.1667,,False
kater-ai,1.0,Green,all_inferred,5,4.6,,False
crowdvolt,1.0,Yellow,all_inferred,4,4.5,,True
blacksmith,1.0,Green,all_inferred,5,4.4,,False
yarn-2,1.0,Green,all_inferred,5,4.0,,False
inspectmind-ai,1.0,Yellow,all_inferred,5,4.2,,True
reprompt,1.0,Green,all_inferred,5,4.2,,False
getcrux,1.0,Green,all_inferred,5,4.4,,False
nowhouse,1.0,Yellow,all_inferred,4,4.5,,True
same,1.0,Green,all_inferred,5,4.4,,False
retailready,0.809524,Green,mixed,5,4.2,0.7383,True
dropback,1.0,Green,all_inferred,6,4.0,,False
forge-rewards,1.0,Green,all_inferred,4,4.25,,True
marr-labs,1.0,Green,all_inferred,5,4.2,,False
k-scale-labs,1.0,Yellow,all_inferred,5,4.2,,True
parcelbio,0.0,Low-Priority,all_inferred,4,4.25,,True
indemni,1.0,Green,all_inferred,5,4.2,,False
egress-health,1.0,Green,all_inferred,5,4.2,,False
overstand-labs,1.0,Green,all_inferred,5,4.2,,False
youshift,1.0,Green,all_inferred,5,4.2,,True
uncommon-therapeutics,0.0,Low-Priority,all_inferred,4,4.5,,False
exin-therapeutics,1.0,Yellow,all_inferred,5,4.2,,False
delineate,1.0,Green,all_inferred,5,4.2,,False
onlook,1.0,Green,all_inferred,5,4.2,,False
invo,1.0,Green,all_inferred,4,4.25,,True
quantstruct,1.0,Green,all_inferred,6,4.1667,,False
edexia,1.0,Green,all_inferred,5,4.2,,False
enhanced-radar,1.0,Green,all_inferred,5,4.2,,True
revise-robotics,1.0,Yellow,all_inferred,5,4.2,,False
trace,1.0,Green,all_inferred,5,4.2,,False
bild-ai,1.0,Yellow,all_inferred,5,4.4,,True
candor,1.0,Green,all_inferred,5,4.2,,False
vetnio,1.0,Green,all_inferred,5,4.2,,True
leaping-ai,1.0,Green,all_inferred,5,4.2,,False
flowtel,1.0,Green,all_inferred,4,4.25,,True
tweeksio,1.0,Green,all_inferred,4,4.25,,True
excellence-learning,1.0,Green,all_inferred,6,4.0,,False
praxim,1.0,Green,all_inferred,5,4.2,,False
hey-telo,1.0,Green,all_inferred,4,4.25,,True
subimage,1.0,Green,all_inferred,5,4.2,,False
steinmetz,0.0,Low-Priority,all_inferred,4,4.25,,False
axiom,1.0,Green,all_inferred,4,4.25,,True
orchids,1.0,Green,all_inferred,4,4.25,,True
splash-inc,1.0,Yellow,all_inferred,5,4.2,,False
stamp,1.0,Green,all_inferred,5,4.2,,False
alice-tech,1.0,Green,all_inferred,5,4.2,,False
dollyglot,1.0,Green,all_inferred,5,4.2,,True
awen,1.0,Green,all_inferred,5,4.2,,False
karoo,1.0,Green,all_inferred,5,4.2,,True
dartboard-energy,1.0,Green,all_inferred,4,4.25,,True
astro,1.0,Yellow,all_inferred,5,4.2,,False
vocality-health,1.0,Green,all_inferred,5,4.2,,False
subtrace,1.0,Green,all_inferred,5,4.2,,False
scout-4,1.0,Green,mixed,6,4.0,0.7689,False
promptless,1.0,Green,all_inferred,5,4.2,,False
closure,1.0,Green,all_inferred,5,4.2,,True
conntour,1.0,Green,all_inferred,5,4.2,,False
superglue,1.0,Yellow,all_inferred,5,4.2,,False
truffle-ai,1.0,Green,all_inferred,4,4.0,,False
ovlo,1.0,Green,all_inferred,5,4.2,,False
contrario,1.0,Green,all_inferred,5,4.2,,True
sublingual,1.0,Green,all_inferred,4,4.0,,True
rocketable,1.0,Yellow,all_inferred,6,4.1667,,False
toothy-ai,1.0,Green,all_inferred,6,4.3333,,False
verbiflow,1.0,Green,all_inferred,5,4.2,,True
a1base,1.0,Green,all_inferred,5,4.4,,True
altrina,1.0,Green,all_inferred,5,4.2,,True
a0-dev,1.0,Green,all_inferred,5,4.2,,False
maritime-fusion,1.0,Yellow,all_inferred,5,4.2,,False
trava,1.0,Green,all_inferred,5,4.2,,True
tejas-ai,1.0,Green,all_inferred,5,4.2,,True
caseflood-ai,1.0,Green,mixed,6,4.0,0.7185,False
weave-3,1.0,Green,all_inferred,4,4.25,,True
maive,1.0,Green,all_inferred,5,4.0,,True
salespatriot,1.0,Green,all_inferred,6,4.3333,,False
deployparagon,1.0,Green,all_inferred,4,4.25,,True
carecycle,0.884615,Green,all_inferred,6,4.3333,,False
inversion-semiconductor,0.473684,Low-Priority,all_inferred,4,4.75,,False
adam,1.0,Green,all_inferred,5,4.2,,True
rally-3,1.0,Green,all_inferred,5,4.2,,False
tergle,0.761905,Green,all_inferred,5,4.2,,True
trim,1.0,Green,all_inferred,4,4.5,,True
amby-health,0.809524,Green,all_inferred,5,4.2,,True
cardamon,1.0,Green,all_inferred,5,4.2,,False
bezel,1.0,Green,all_inferred,5,4.2,,False
zeroentropy,1.0,Green,all_inferred,5,4.2,,False
oki,1.0,Green,all_inferred,5,4.2,,True
cifrato,1.0,Green,all_inferred,5,4.4,,True
mosaic-2,1.0,Yellow,all_inferred,5,4.2,,True
swerve,1.0,Green,all_inferred,3,4.3333,,True
osmosis,0.705882,Green,all_inferred,4,4.25,,True
operand,0.68,Green,all_inferred,6,4.1667,,True
healthkey,1.0,Green,all_inferred,4,4.25,,False
gradewiz,1.0,Green,all_inferred,5,4.2,,True
mecha-health,1.0,Green,all_inferred,5,4.2,,False
cuckoo-labs,1.0,Green,all_inferred,5,4.2,,False
finbar,1.0,Green,all_inferred,5,4.2,,True
hud,1.0,Yellow,all_inferred,5,4.2,,False
olive,1.0,Green,all_inferred,3,4.3333,,True
pax-markets,1.0,Green,all_inferred,4,4.25,,False
pave-robotics,1.0,Green,all_inferred,5,4.0,,True
gale,1.0,Green,all_inferred,5,4.2,,False
asteroid,1.0,Green,all_inferred,5,4.0,,True
macadamia,1.0,Green,all_inferred,5,4.2,,True
lucid,1.0,Yellow,all_inferred,4,4.25,,False
pickle-2,1.0,Green,all_inferred,5,4.2,,False
bindwell,1.0,Green,all_inferred,5,4.2,,True
stillwind,1.0,Green,all_inferred,4,4.25,,False
harbera,1.0,Green,all_inferred,5,4.2,,True
cenote,1.0,Green,all_inferred,5,4.2,,False
lopus-ai,1.0,Green,all_inferred,6,4.3333,,False
athenahq,1.0,Green,all_inferred,5,4.2,,False
strike,1.0,Yellow,all_inferred,3,4.6667,,True
g-lnk,1.0,Green,all_inferred,5,4.4,,False
mundo-ai,1.0,Yellow,all_inferred,4,4.5,,True
lucidic-ai,1.0,Green,all_inferred,6,4.3333,,False
haleum,1.0,Green,all_inferred,5,4.6,,False
trata,1.0,Green,all_inferred,4,4.25,,True
solidroad,1.0,Green,all_inferred,5,4.2,,False
general-trajectory,1.0,Yellow,all_inferred,3,4.3333,,True
rejot,1.0,Green,all_inferred,5,4.2,,False
agentin-ai,1.0,Yellow,all_inferred,5,4.6,,False
bystreet,1.0,Green,all_inferred,4,4.25,,True
waypoint-transit,1.0,Green,all_inferred,5,4.2,,False
riviera,1.0,Green,all_inferred,5,4.6,,False
confident-ai,1.0,Green,all_inferred,6,4.3333,,False
exla,1.0,Green,all_inferred,4,4.5,,False
karsa,1.0,Yellow,all_inferred,4,4.5,,True
nitrode,1.0,Green,all_inferred,5,4.2,,False
calltree,1.0,Green,all_inferred,5,4.6,,False
harper,1.0,Green,all_inferred,5,4.4,,False
tire-swing,1.0,Green,all_inferred,6,4.3333,,False
outlit,1.0,Green,all_inferred,4,4.25,,True
mesh-2,1.0,Green,all_inferred,5,4.4,,False
orbital-operations,0.0,Low-Priority,all_inferred,4,4.75,,False
sennu-ai,1.0,Green,all_inferred,5,4.2,,True
infinite,1.0,Green,all_inferred,4,4.75,,True
peppr-ai,1.0,Green,all_inferred,5,4.0,,True
openintake,1.0,Green,all_inferred,4,4.75,,True
artificial-societies,1.0,Green,all_inferred,5,4.2,,False
miyagi-labs,0.772727,Green,all_inferred,5,4.4,,False
fuseai,1.0,Green,all_inferred,5,4.4,,False
misprint,1.0,Green,all_inferred,5,4.2,,False
afterquery,0.235294,Low-Priority,all_inferred,4,4.25,,True
mastra,1.0,Green,all_inferred,5,4.2,,False
forge-automation,1.0,Yellow,all_inferred,4,4.5,,False
archon,1.0,Green,all_inferred,5,4.2,,True
retrofit,1.0,Green,all_inferred,4,4.5,,False
pinch,1.0,Green,all_inferred,4,4.5,,True
optifye-ai,1.0,Green,all_inferred,4,4.25,,False
reditus-space,0.0,Low-Priority,all_inferred,3,4.6667,,True
permitify,1.0,Green,all_inferred,5,4.4,,False
wildcard,1.0,Green,all_inferred,5,4.2,,False
corsair,1.0,Green,all_inferred,5,4.2,,False
proception-inc,1.0,Yellow,all_inferred,3,4.6667,,True
woz,1.0,Green,all_inferred,4,4.25,,False
spott,1.0,Green,all_inferred,5,4.2,,False
rebolt,1.0,Green,all_inferred,4,4.5,,True
roark,1.0,Green,all_inferred,6,4.1667,,False
dalus,1.0,Green,all_inferred,6,4.3333,,False
tensorpool,1.0,Green,all_inferred,5,4.2,,True
bluebook,0.846154,Green,mixed,6,4.3333,0.7499,False
butter,1.0,Green,all_inferred,5,4.6,,False
paratus-health,1.0,Green,all_inferred,6,4.3333,,False
copycat,1.0,Green,all_inferred,5,4.2,,True
ergo,1.0,Green,all_inferred,6,4.5,,False
tamlabs,1.0,Green,all_inferred,5,4.2,,True
browser-use,1.0,Green,all_inferred,5,4.6,,True
cedar,0.833333,Green,all_inferred,6,4.0,,False
lightbox,1.0,Green,all_inferred,5,4.2,,True
mercura,1.0,Green,all_inferred,5,4.4,,False
instinct,0.333333,Low-Priority,all_inferred,5,4.2,,True
sammy-labs,1.0,Green,all_inferred,6,4.3333,,False
trycandid,1.0,Green,all_inferred,3,4.3333,,True
trainloop,1.0,Green,all_inferred,5,4.2,,True
thirdlayer,1.0,Green,all_inferred,6,4.0,,False
axal,1.0,Green,all_inferred,5,4.2,,True
artifact-2,1.0,Green,all_inferred,6,4.1667,,False
assistant-ui,1.0,Green,all_inferred,5,4.2,,False
fira,1.0,Green,all_inferred,6,4.3333,,False
vantel,1.0,Green,all_inferred,5,4.2,,True
blindpay,1.0,Green,all_inferred,5,4.2,,True
mentra,1.0,Green,all_inferred,5,4.2,,True
red-barn-robotics,1.0,Green,all_inferred,5,4.4,,False
