slug,source_A_live,source_A_status,source_A_body_len,source_A_method,source_A_timestamp
attimet,True,200,372,requests_chrome_ua_cached,2026-04-24T22:27:14.854487+00:00
durate,True,200,3339,requests_chrome_ua_cached,2026-04-24T22:26:40.245855+00:00
darkgrade,False,200,221,requests_chrome_ua_cached,2026-04-24T22:26:43.159975+00:00
vortexifyai,True,200,3144,requests_chrome_ua_cached,2026-04-24T22:26:59.112085+00:00
streamable,True,200,3298,requests_chrome_ua_cached,2026-04-24T22:25:56.028587+00:00
revyl,True,200,6686,requests_chrome_ua_cached,2026-04-24T22:26:59.030419+00:00
riskcube,True,200,9779,requests_chrome_ua_cached,2026-04-24T22:27:18.079697+00:00
candle,True,200,6785,requests_chrome_ua_cached,2026-04-24T22:26:42.618848+00:00
telli,True,200,8839,requests_chrome_ua_cached,2026-04-24T22:25:56.028480+00:00
lightscreen-ai,True,200,6917,requests_chrome_ua_cached,2026-04-24T22:26:58.762744+00:00
afternoon-co,True,200,3592,requests_chrome_ua_cached,2026-04-24T22:26:43.726829+00:00
ctgt,True,200,8209,requests_chrome_ua_cached,2026-04-24T22:27:18.037344+00:00
moonset-health,True,200,18016,requests_chrome_ua_cached,2026-04-24T22:26:40.266616+00:00
clarus,True,200,4112,requests_chrome_ua_cached,2026-04-24T22:25:56.028173+00:00
revisiondojo,True,200,1975,requests_chrome_ua_cached,2026-04-24T22:27:17.631366+00:00
rulebase,True,200,16051,requests_chrome_ua_cached,2026-04-24T22:26:43.415258+00:00
issen,True,200,8618,requests_chrome_ua_cached,2026-04-24T22:27:16.979734+00:00
symphony,True,200,2977,requests_chrome_ua_cached,2026-04-24T22:25:56.028538+00:00
smooth,True,200,4273,requests_chrome_ua_cached,2026-04-24T22:27:14.699542+00:00
reticular,True,200,342,requests_chrome_ua_cached,2026-04-24T22:27:13.989605+00:00
healthspark,True,200,4488,requests_chrome_ua_cached,2026-04-24T22:26:43.393420+00:00
zeroframe,True,200,1035,requests_chrome_ua_cached,2026-04-24T22:25:56.028247+00:00
avora,True,200,8241,requests_chrome_ua_cached,2026-04-24T22:25:56.028403+00:00
astrix-health,True,200,2822,requests_chrome_ua_cached,2026-04-24T22:27:13.491367+00:00
gait,,,0,requests_chrome_ua_cached,2026-04-24T22:26:40.246257+00:00
cosmic-new,False,200,5705,requests_chrome_ua_cached,2026-04-24T22:27:13.435648+00:00
cekura-ai,True,200,4707,requests_chrome_ua_cached,2026-04-24T22:27:00.891169+00:00
openfunnel,True,200,14649,requests_chrome_ua_cached,2026-04-24T22:26:43.179298+00:00
archil,False,200,0,requests_chrome_ua_cached,2026-04-24T22:27:00.609354+00:00
raycaster,True,200,4040,requests_chrome_ua_cached,2026-04-24T22:26:58.883365+00:00
riveter-ai,True,200,5969,requests_chrome_ua_cached,2026-04-24T22:25:56.028312+00:00
variant,False,200,0,requests_chrome_ua_cached,2026-04-24T22:25:56.027864+00:00
sandra-ai,False,200,0,requests_chrome_ua_cached,2026-04-24T22:27:00.082960+00:00
getcho,True,200,17062,requests_chrome_ua_cached,2026-04-24T22:26:43.107707+00:00
supercontrast,False,200,0,requests_chrome_ua_cached,2026-04-24T22:26:58.916765+00:00
crouton,False,200,0,requests_chrome_ua_cached,2026-04-24T22:25:56.028661+00:00
vespper,True,200,8218,requests_chrome_ua_cached,2026-04-24T22:26:59.783170+00:00
galini,False,200,0,requests_chrome_ua_cached,2026-04-24T22:25:56.028367+00:00
withcharm,False,200,3424,requests_chrome_ua,2026-04-24T22:49:32.674489+00:00
karmen,True,200,5525,requests_chrome_ua,2026-04-24T22:49:32.674381+00:00
platus,True,200,3426,requests_chrome_ua,2026-04-24T22:49:32.674647+00:00
hybrd,True,200,2071,requests_chrome_ua,2026-04-24T22:49:32.674458+00:00
unusual,True,200,7566,requests_chrome_ua,2026-04-24T22:49:32.674606+00:00
luthor,True,200,9469,requests_chrome_ua,2026-04-24T22:49:32.674328+00:00
sphinx,True,200,6719,requests_chrome_ua,2026-04-24T22:49:32.674349+00:00
codebuff,True,200,6570,requests_chrome_ua,2026-04-24T22:49:32.674397+00:00
lingodotdev,True,200,11696,requests_chrome_ua,2026-04-24T22:49:32.674363+00:00
keye,True,200,4426,requests_chrome_ua,2026-04-24T22:49:32.674304+00:00
pearson-labs,True,200,1239,requests_chrome_ua,2026-04-24T22:49:47.192803+00:00
moonshine,True,200,890,requests_chrome_ua,2026-04-24T22:49:48.226037+00:00
autocomputer,False,200,213,requests_chrome_ua,2026-04-24T22:49:48.128006+00:00
crustdata,True,200,23832,requests_chrome_ua,2026-04-24T22:49:47.192932+00:00
stewdio,True,200,934,requests_chrome_ua,2026-04-24T22:49:46.250844+00:00
dexter,True,200,6289,requests_chrome_ua,2026-04-24T22:49:48.304059+00:00
curo,True,200,2048,requests_chrome_ua,2026-04-24T22:49:51.556158+00:00
permitportal,True,200,8876,requests_chrome_ua,2026-04-24T22:49:54.506132+00:00
gecko-security,True,200,4234,requests_chrome_ua,2026-04-24T22:49:51.562891+00:00
vly-ai-2,True,200,4408,requests_chrome_ua,2026-04-24T22:49:47.192853+00:00
tiny,False,200,0,requests_chrome_ua,2026-04-24T22:49:47.192892+00:00
collectwise,True,200,3578,requests_chrome_ua,2026-04-24T22:49:56.260283+00:00
consus,False,200,0,requests_chrome_ua,2026-04-24T22:49:56.917541+00:00
capy,True,200,8861,requests_chrome_ua,2026-04-24T22:49:57.752233+00:00
origami-2,True,200,4290,requests_chrome_ua,2026-04-24T22:49:55.799706+00:00
browserbook,False,200,8160,requests_chrome_ua,2026-04-24T22:50:00.842062+00:00
fresco,False,200,0,requests_chrome_ua,2026-04-24T22:49:55.728791+00:00
metreecs,True,200,3273,requests_chrome_ua,2026-04-24T22:50:01.673063+00:00
diffusion-studio,True,200,3835,requests_chrome_ua,2026-04-24T22:50:00.995927+00:00
revi,True,200,454,requests_chrome_ua,2026-04-24T22:50:03.366568+00:00
innate,False,200,4144,requests_chrome_ua,2026-04-24T22:49:58.488975+00:00
alex,True,200,3644,requests_chrome_ua,2026-04-24T22:50:00.256212+00:00
archilabs,True,200,6220,requests_chrome_ua,2026-04-24T22:50:04.046189+00:00
sunset,True,200,6273,requests_chrome_ua,2026-04-24T22:50:07.511182+00:00
forerunner-ai,False,200,0,requests_chrome_ua,2026-04-24T22:50:12.000088+00:00
surge,True,200,8029,requests_chrome_ua,2026-04-24T22:50:11.776456+00:00
futureclinic,True,200,9570,requests_chrome_ua,2026-04-24T22:50:11.998621+00:00
vaya,False,200,0,requests_chrome_ua,2026-04-24T22:50:12.351354+00:00
edgedive,True,200,11385,requests_chrome_ua,2026-04-24T22:50:11.971368+00:00
friday,True,200,2881,requests_chrome_ua,2026-04-24T22:50:16.793919+00:00
ember,True,200,6201,requests_chrome_ua,2026-04-24T22:50:17.296217+00:00
relvy-ai,False,200,0,requests_chrome_ua,2026-04-24T22:50:17.195837+00:00
canvas,True,200,1455,requests_chrome_ua,2026-04-24T22:50:17.359545+00:00
sre-ai,True,200,3181,requests_chrome_ua,2026-04-24T22:50:15.382430+00:00
gander,False,200,91,requests_chrome_ua,2026-04-24T22:50:00.222150+00:00
synth-3,True,200,1155,requests_chrome_ua,2026-04-24T22:50:20.621157+00:00
careforce,True,200,2688,requests_chrome_ua,2026-04-24T22:50:18.250777+00:00
x1,True,200,2684,requests_chrome_ua,2026-04-24T22:50:12.174415+00:00
roundabout-technologies,False,200,0,requests_chrome_ua,2026-04-24T22:50:21.669928+00:00
humanlayer,True,200,2682,requests_chrome_ua,2026-04-24T22:50:21.696455+00:00
apolink,True,200,1345,requests_chrome_ua,2026-04-24T22:50:22.357896+00:00
loombotic,True,200,3626,requests_chrome_ua,2026-04-24T22:50:21.688112+00:00
goldbridge,False,200,2170,requests_chrome_ua,2026-04-24T22:50:25.152899+00:00
openbuilder,True,200,3022,requests_chrome_ua,2026-04-24T22:50:25.105072+00:00
asha-health,True,200,951,requests_chrome_ua,2026-04-24T22:50:24.941455+00:00
piggy-robotics,False,200,92,requests_chrome_ua,2026-04-24T22:50:25.409001+00:00
autonomous-technologies-group,True,200,13415,requests_chrome_ua,2026-04-24T22:50:25.921397+00:00
null-labs,True,200,2225,requests_chrome_ua,2026-04-24T22:50:29.113031+00:00
parametric,False,200,153,requests_chrome_ua,2026-04-24T22:50:28.353300+00:00
prox,True,200,1886,requests_chrome_ua,2026-04-24T22:50:27.414001+00:00
melder,True,200,1666,requests_chrome_ua,2026-04-24T22:50:13.370781+00:00
fifth-door,False,200,0,requests_chrome_ua,2026-04-24T22:50:25.512380+00:00
nori,True,200,2181,requests_chrome_ua,2026-04-24T22:50:29.820562+00:00
fernstone,True,200,3873,requests_chrome_ua,2026-04-24T22:50:29.857715+00:00
mixy,False,200,148,requests_chrome_ua,2026-04-24T22:50:31.332983+00:00
efference,True,200,451,requests_chrome_ua,2026-04-24T22:50:33.110247+00:00
lapis,True,200,5047,requests_chrome_ua,2026-04-24T22:50:33.216968+00:00
ryvn,True,200,1653,requests_chrome_ua,2026-04-24T22:50:15.310888+00:00
remedy,True,200,13607,requests_chrome_ua,2026-04-24T22:50:33.557206+00:00
semiotic,False,200,0,requests_chrome_ua,2026-04-24T22:50:33.275321+00:00
structured-ai,True,200,3220,requests_chrome_ua,2026-04-24T22:50:34.957059+00:00
brickanta,True,200,2946,requests_chrome_ua,2026-04-24T22:50:34.476462+00:00
digipals,False,200,0,requests_chrome_ua,2026-04-24T22:50:32.177453+00:00
sylvian,False,404,104,requests_chrome_ua,2026-04-24T22:50:41.262580+00:00
parrot,False,200,0,requests_chrome_ua,2026-04-24T22:50:40.637112+00:00
parse-bot,False,200,0,requests_chrome_ua,2026-04-24T22:50:36.764398+00:00
zavo,True,200,7993,requests_chrome_ua,2026-04-24T22:50:41.052102+00:00
movedot,True,200,2902,requests_chrome_ua,2026-04-24T22:50:40.701164+00:00
gpt,True,200,4608,requests_chrome_ua,2026-04-24T22:50:41.489711+00:00
bolna-ai,True,200,6111,requests_chrome_ua,2026-04-24T22:50:44.925248+00:00
scoop,True,200,3391,requests_chrome_ua,2026-04-24T22:50:45.576590+00:00
brickwise,False,200,0,requests_chrome_ua,2026-04-24T22:50:40.400869+00:00
deeptrace,True,200,6404,requests_chrome_ua,2026-04-24T22:50:48.370783+00:00
hyperspell,True,200,4565,requests_chrome_ua,2026-04-24T22:50:45.486531+00:00
uplane,True,200,6785,requests_chrome_ua,2026-04-24T22:50:34.629219+00:00
locus,True,200,3136,requests_chrome_ua,2026-04-24T22:50:51.897511+00:00
sorce,False,200,0,requests_chrome_ua,2026-04-24T22:50:52.261970+00:00
aircaps,True,200,10025,requests_chrome_ua,2026-04-24T22:50:34.599579+00:00
dari,False,200,2321,requests_chrome_ua,2026-04-24T22:50:54.386992+00:00
the-context-company,True,200,4184,requests_chrome_ua,2026-04-24T22:50:52.495822+00:00
norra,True,200,5448,requests_chrome_ua,2026-04-24T22:51:00.030569+00:00
lunavo,True,200,712,requests_chrome_ua,2026-04-24T22:50:54.631270+00:00
caddy,True,200,1911,requests_chrome_ua,2026-04-24T22:50:52.070109+00:00
veria-labs,True,200,3163,requests_chrome_ua,2026-04-24T22:51:04.152892+00:00
iriscal,True,200,3796,requests_chrome_ua,2026-04-24T22:51:03.852862+00:00
alt-x,False,200,46,requests_chrome_ua,2026-04-24T22:50:52.068840+00:00
aspect-inc,False,200,76,requests_chrome_ua,2026-04-24T22:50:46.266014+00:00
questom,True,200,8772,requests_chrome_ua,2026-04-24T22:51:05.215996+00:00
nessie,False,200,0,requests_chrome_ua,2026-04-24T22:51:09.369469+00:00
hypercubic,True,200,4588,requests_chrome_ua,2026-04-24T22:51:08.502487+00:00
cranston-ai,True,200,7194,requests_chrome_ua,2026-04-24T22:51:05.275974+00:00
wardstone,True,200,5521,requests_chrome_ua,2026-04-24T22:51:10.133330+00:00
hillclimb,True,200,779,requests_chrome_ua,2026-04-24T22:51:11.912831+00:00
flick,False,200,0,requests_chrome_ua,2026-04-24T22:51:14.515354+00:00
semble-ai,False,200,0,requests_chrome_ua,2026-04-24T22:51:18.196132+00:00
mod-ai,True,200,1470,requests_chrome_ua,2026-04-24T22:51:18.312984+00:00
playvision,True,200,4484,requests_chrome_ua,2026-04-24T22:51:03.089238+00:00
nivara,False,200,0,requests_chrome_ua,2026-04-24T22:51:19.563820+00:00
lakonia,False,200,46,requests_chrome_ua,2026-04-24T22:51:18.649499+00:00
kaigo-health,True,200,2545,requests_chrome_ua,2026-04-24T22:51:00.420818+00:00
sellraze,False,200,0,requests_chrome_ua,2026-04-24T22:51:18.505956+00:00
atlasgrid,False,200,173,requests_chrome_ua,2026-04-24T22:51:11.720391+00:00
unsiloed-ai,True,200,5948,requests_chrome_ua,2026-04-24T22:51:23.241653+00:00
koyal,False,200,0,requests_chrome_ua,2026-04-24T22:51:01.922817+00:00
sciloop,True,200,3209,requests_chrome_ua,2026-04-24T22:51:23.819197+00:00
allus-ai,True,200,6754,requests_chrome_ua,2026-04-24T22:51:23.584702+00:00
logosguard,True,200,2580,requests_chrome_ua,2026-04-24T22:51:24.395754+00:00
agentic-fabriq,False,200,46,requests_chrome_ua,2026-04-24T22:51:28.024683+00:00
tensr,False,200,0,requests_chrome_ua,2026-04-24T22:51:25.570215+00:00
articulate,True,200,5858,requests_chrome_ua,2026-04-24T22:51:29.455361+00:00
redapto,True,200,3053,requests_chrome_ua,2026-04-24T22:51:30.313950+00:00
rovr,True,200,2728,requests_chrome_ua,2026-04-24T22:51:34.869362+00:00
sunflower,True,200,906,requests_chrome_ua,2026-04-24T22:51:32.658665+00:00
captain,False,200,3542,requests_chrome_ua,2026-04-24T22:51:31.664065+00:00
bravi,True,200,5105,requests_chrome_ua,2026-04-24T22:51:36.690220+00:00
codyco,True,200,12549,requests_chrome_ua,2026-04-24T22:51:40.689249+00:00
sf-tensor,True,200,1620,requests_chrome_ua,2026-04-24T22:51:22.540493+00:00
complydo,True,200,4532,requests_chrome_ua,2026-04-24T22:51:40.572046+00:00
compyle,True,200,7218,requests_chrome_ua,2026-04-24T22:51:42.745639+00:00
multifactor,True,200,5011,requests_chrome_ua,2026-04-24T22:51:23.814858+00:00
kestrel-ai,True,200,13436,requests_chrome_ua,2026-04-24T22:51:25.499459+00:00
answerthis,True,200,26942,requests_chrome_ua,2026-04-24T22:51:22.359758+00:00
lexi,True,200,3030,requests_chrome_ua,2026-04-24T22:51:42.626294+00:00
selfin,False,200,0,requests_chrome_ua,2026-04-24T22:51:45.336785+00:00
logical,False,200,0,requests_chrome_ua,2026-04-24T22:51:29.182145+00:00
thesis,True,200,1734,requests_chrome_ua,2026-04-24T22:51:49.443991+00:00
inspector,True,200,2845,requests_chrome_ua,2026-04-24T22:51:49.521096+00:00
cortex-ai,True,200,1136,requests_chrome_ua,2026-04-24T22:51:49.744024+00:00
play-health,True,200,2580,requests_chrome_ua,2026-04-24T22:51:49.344256+00:00
aleph-lab,True,200,3533,requests_chrome_ua,2026-04-24T22:51:29.415694+00:00
nucleo,True,200,1659,requests_chrome_ua,2026-04-24T22:51:52.650382+00:00
pixley-ai,False,200,53,requests_chrome_ua,2026-04-24T22:51:50.259954+00:00
leadbay,True,200,5688,requests_chrome_ua,2026-04-24T22:51:51.692815+00:00
patent-watch,True,200,1023,requests_chrome_ua,2026-04-24T22:51:56.469614+00:00
anto-biosciences,True,200,4812,requests_chrome_ua,2026-04-24T22:51:56.925338+00:00
everest,False,200,0,requests_chrome_ua,2026-04-24T22:51:57.690005+00:00
aside,True,200,1013,requests_chrome_ua,2026-04-24T22:52:00.842075+00:00
expected-parrot,False,200,0,requests_chrome_ua,2026-04-24T22:51:57.205598+00:00
imagine-ai,True,200,4295,requests_chrome_ua,2026-04-24T22:51:57.058606+00:00
zalos,True,200,3864,requests_chrome_ua,2026-04-24T22:52:01.875698+00:00
sourcebot,True,200,4137,requests_chrome_ua,2026-04-24T22:52:03.552480+00:00
lua-global-inc,True,200,4114,requests_chrome_ua,2026-04-24T22:52:06.865964+00:00
casey,False,200,218,requests_chrome_ua,2026-04-24T22:51:49.258614+00:00
spatial-ai,False,200,0,requests_chrome_ua,2026-04-24T22:52:06.752263+00:00
usenarrative,False,200,0,requests_chrome_ua,2026-04-24T22:52:07.967414+00:00
crunched,False,200,0,requests_chrome_ua,2026-04-24T22:52:06.917128+00:00
primer,False,200,273,requests_chrome_ua,2026-04-24T22:52:08.235012+00:00
specific,True,200,5619,requests_chrome_ua,2026-04-24T22:52:13.212966+00:00
scott-ai,True,200,3282,requests_chrome_ua,2026-04-24T22:51:59.785497+00:00
clad-labs,True,200,3803,requests_chrome_ua,2026-04-24T22:52:14.675870+00:00
absurd,False,200,0,requests_chrome_ua,2026-04-24T22:52:14.832471+00:00
s2-dev,True,200,2355,requests_chrome_ua,2026-04-24T22:51:56.388562+00:00
kalpa-labs,True,200,3848,requests_chrome_ua,2026-04-24T22:52:15.133148+00:00
tornyol,False,200,0,requests_chrome_ua,2026-04-24T22:51:55.201605+00:00
arcten,True,200,15057,requests_chrome_ua,2026-04-24T22:52:17.175571+00:00
hireglide,False,200,20,requests_chrome_ua,2026-04-24T22:52:01.041710+00:00
savahq,False,200,158,requests_chrome_ua,2026-04-24T22:52:22.236048+00:00
denki,False,200,0,requests_chrome_ua,2026-04-24T22:52:22.094346+00:00
mantle,True,200,2246,requests_chrome_ua,2026-04-24T22:52:22.600985+00:00
icarus,True,200,10147,requests_chrome_ua,2026-04-24T22:52:22.303398+00:00
uselemma,True,200,6623,requests_chrome_ua,2026-04-24T22:52:22.948007+00:00
karumi,True,200,7513,requests_chrome_ua,2026-04-24T22:52:22.305811+00:00
exonic,False,200,69,requests_chrome_ua,2026-04-24T22:52:23.515630+00:00
jarmin,True,200,1791,requests_chrome_ua,2026-04-24T22:52:26.636800+00:00
freeport-markets,True,200,9083,requests_chrome_ua,2026-04-24T22:52:27.954262+00:00
castari,True,200,5538,requests_chrome_ua,2026-04-24T22:52:27.778512+00:00
boom-ai,True,200,3835,requests_chrome_ua,2026-04-24T22:52:29.160204+00:00
metorial,True,200,8560,requests_chrome_ua,2026-04-24T22:52:15.483654+00:00
rovi-health,False,200,9482,requests_chrome_ua,2026-04-24T22:52:27.903482+00:00
telemetron-ai,True,200,4388,requests_chrome_ua,2026-04-24T22:52:29.511794+00:00
the-hog,True,200,8220,requests_chrome_ua,2026-04-24T22:52:31.623270+00:00
lightberry,True,200,1135,requests_chrome_ua,2026-04-24T22:52:33.154911+00:00
axial-composites-industries,False,200,115,requests_chrome_ua,2026-04-24T22:52:38.515949+00:00
velvet,True,200,2435,requests_chrome_ua,2026-04-24T22:52:38.321363+00:00
automax-ai,True,200,864,requests_chrome_ua,2026-04-24T22:52:14.639329+00:00
amera,True,200,9056,requests_chrome_ua,2026-04-24T22:52:37.657371+00:00
bluma,True,200,2131,requests_chrome_ua,2026-04-24T22:52:35.286580+00:00
forge-robotics,True,200,5227,requests_chrome_ua,2026-04-24T22:52:35.982609+00:00
claybird,False,200,195,requests_chrome_ua,2026-04-24T22:52:38.935217+00:00
markit,False,200,0,requests_chrome_ua,2026-04-24T22:52:46.247550+00:00
zarna,True,200,10322,requests_chrome_ua,2026-04-24T22:52:46.519678+00:00
clicks,True,200,3611,requests_chrome_ua,2026-04-24T22:52:45.971449+00:00
fastshot,True,200,6518,requests_chrome_ua,2026-04-24T22:52:45.801157+00:00
moss,True,200,3096,requests_chrome_ua,2026-04-24T22:52:46.606395+00:00
bear,True,200,5471,requests_chrome_ua,2026-04-24T22:52:47.099982+00:00
dome,False,200,0,requests_chrome_ua,2026-04-24T22:52:46.150759+00:00
fixpoint,True,200,1970,requests_chrome_ua,2026-04-24T22:52:52.421827+00:00
jsx-tool,False,503,35,requests_chrome_ua,2026-04-24T22:52:54.631717+00:00
openroll,True,200,4272,requests_chrome_ua,2026-04-24T22:52:52.773319+00:00
rivet-design,False,200,0,requests_chrome_ua,2026-04-24T22:52:52.787916+00:00
mayflower,True,200,477,requests_chrome_ua,2026-04-24T22:52:52.971781+00:00
zephyr-fusion,True,200,4813,requests_chrome_ua,2026-04-24T22:52:53.174056+00:00
item,True,200,10185,requests_chrome_ua,2026-04-24T22:52:52.901423+00:00
miniswap,True,200,7989,requests_chrome_ua,2026-04-24T22:52:27.931391+00:00
leeroo,False,200,0,requests_chrome_ua,2026-04-24T22:52:58.441020+00:00
atum-works,False,200,257,requests_chrome_ua,2026-04-24T22:52:58.466350+00:00
opine,False,404,104,requests_chrome_ua,2026-04-24T22:52:58.924891+00:00
partcl,False,200,46,requests_chrome_ua,2026-04-24T22:52:58.804425+00:00
aviro,True,200,426,requests_chrome_ua,2026-04-24T22:52:58.756410+00:00
diligencesquared-inc,True,200,5191,requests_chrome_ua,2026-04-24T22:52:37.844743+00:00
willow,True,200,23672,requests_chrome_ua,2026-04-24T22:52:58.688079+00:00
atlog,True,200,931,requests_chrome_ua,2026-04-24T22:52:59.092335+00:00
lunabill,True,200,5600,requests_chrome_ua,2026-04-24T22:52:38.718966+00:00
chestnut,True,200,2331,requests_chrome_ua,2026-04-24T22:53:02.800581+00:00
frekil,True,200,9380,requests_chrome_ua,2026-04-24T22:53:03.117151+00:00
kashikoi,True,200,5442,requests_chrome_ua,2026-04-24T22:53:03.239843+00:00
plexe,True,200,12513,requests_chrome_ua,2026-04-24T22:53:03.149896+00:00
vybe,True,200,6891,requests_chrome_ua,2026-04-24T22:53:03.768042+00:00
golf,True,200,6964,requests_chrome_ua,2026-04-24T22:53:08.019030+00:00
bitboard,False,200,275,requests_chrome_ua,2026-04-24T22:53:07.133649+00:00
notus-autonomous-systems,False,200,0,requests_chrome_ua,2026-04-24T22:53:09.116840+00:00
nao-labs,True,200,3227,requests_chrome_ua,2026-04-24T22:53:07.099692+00:00
bloom-4,True,200,692,requests_chrome_ua,2026-04-24T22:53:09.912857+00:00
cubic,True,200,8532,requests_chrome_ua,2026-04-24T22:53:09.234703+00:00
avallon-ai,True,200,12180,requests_chrome_ua,2026-04-24T22:53:10.564257+00:00
groundcontrol,True,200,9613,requests_chrome_ua,2026-04-24T22:53:14.320133+00:00
aravolta,True,200,16283,requests_chrome_ua,2026-04-24T22:53:03.670857+00:00
blaxel,True,200,7275,requests_chrome_ua,2026-04-24T22:52:59.870713+00:00
qfex,False,200,0,requests_chrome_ua,2026-04-24T22:53:02.716311+00:00
galen-ai,True,200,1496,requests_chrome_ua,2026-04-24T22:53:20.340813+00:00
neoncoral,False,200,43,requests_chrome_ua,2026-04-24T22:53:20.675289+00:00
minerva,False,200,1690,requests_chrome_ua,2026-04-24T22:53:15.152731+00:00
kanava-ai,False,200,0,requests_chrome_ua,2026-04-24T22:53:14.401953+00:00
acolite,True,200,8048,requests_chrome_ua,2026-04-24T22:53:28.056294+00:00
auctor,True,200,4387,requests_chrome_ua,2026-04-24T22:53:20.809522+00:00
ralo,False,200,0,requests_chrome_ua,2026-04-24T22:53:27.749330+00:00
capacitive,False,200,46,requests_chrome_ua,2026-04-24T22:53:28.403764+00:00
almond-2,False,200,144,requests_chrome_ua,2026-04-24T22:53:28.911297+00:00
cua,True,200,15613,requests_chrome_ua,2026-04-24T22:53:16.025568+00:00
chonkie,True,200,1634,requests_chrome_ua,2026-04-24T22:53:32.638591+00:00
dolphin,True,200,5450,requests_chrome_ua,2026-04-24T22:53:42.094110+00:00
the-robot-learning-company,True,200,1794,requests_chrome_ua,2026-04-24T22:53:41.347445+00:00
zeon-systems,True,200,3046,requests_chrome_ua,2026-04-24T22:53:41.347930+00:00
beluga,True,200,2797,requests_chrome_ua,2026-04-24T22:53:42.648449+00:00
clarm,True,200,12209,requests_chrome_ua,2026-04-24T22:53:45.710263+00:00
kaelio,True,200,12649,requests_chrome_ua,2026-04-24T22:53:42.425924+00:00
synthiolabs,True,200,6359,requests_chrome_ua,2026-04-24T22:53:17.579372+00:00
helixdb,True,200,4025,requests_chrome_ua,2026-04-24T22:53:41.293199+00:00
claim-health,True,200,10865,requests_chrome_ua,2026-04-24T22:53:28.689609+00:00
percival,True,200,670,requests_chrome_ua,2026-04-24T22:53:52.901140+00:00
mbodi-ai,True,200,5706,requests_chrome_ua,2026-04-24T22:53:53.270634+00:00
stratify,True,200,2427,requests_chrome_ua,2026-04-24T22:53:52.593306+00:00
typeos,True,200,21265,requests_chrome_ua,2026-04-24T22:53:52.882761+00:00
kirana-ai,,,0,requests_chrome_ua,2026-04-24T22:53:53.391824+00:00
caucus,True,200,2173,requests_chrome_ua,2026-04-24T22:53:53.539249+00:00
pgdog,True,200,5542,requests_chrome_ua,2026-04-24T22:53:54.851724+00:00
kestral,False,200,0,requests_chrome_ua,2026-04-24T22:53:57.529042+00:00
attune,False,200,1012,requests_chrome_ua,2026-04-24T22:53:57.507444+00:00
the-llm-data-company,True,200,2042,requests_chrome_ua,2026-04-24T22:53:59.692979+00:00
better-auth,True,200,15045,requests_chrome_ua,2026-04-24T22:53:59.256700+00:00
bluejay,True,200,5295,requests_chrome_ua,2026-04-24T22:53:58.620465+00:00
refresh,True,200,1131,requests_chrome_ua,2026-04-24T22:53:59.589791+00:00
tinfoil,True,200,4736,requests_chrome_ua,2026-04-24T22:53:59.819249+00:00
parsewise,True,200,3813,requests_chrome_ua,2026-04-24T22:53:59.410098+00:00
trapeze,True,200,4358,requests_chrome_ua,2026-04-24T22:54:01.862724+00:00
chiron,False,200,277,requests_chrome_ua,2026-04-24T22:54:04.980618+00:00
voiceos,True,200,3961,requests_chrome_ua,2026-04-24T22:54:05.084778+00:00
clado,True,200,5678,requests_chrome_ua,2026-04-24T22:54:05.870927+00:00
sixtyfour,True,200,7915,requests_chrome_ua,2026-04-24T22:54:06.533947+00:00
youlearn,True,200,5320,requests_chrome_ua,2026-04-24T22:53:52.660799+00:00
photonium,False,200,0,requests_chrome_ua,2026-04-24T22:54:07.666648+00:00
tegore,False,200,1205,requests_chrome_ua,2026-04-24T22:54:06.288248+00:00
sim,True,200,5073,requests_chrome_ua,2026-04-24T22:53:45.796742+00:00
clidey,False,200,46,requests_chrome_ua,2026-04-24T22:54:12.889573+00:00
opusense-ai,True,200,6432,requests_chrome_ua,2026-04-24T22:54:12.310674+00:00
kaizen,True,200,5136,requests_chrome_ua,2026-04-24T22:54:13.305682+00:00
labric,True,200,3468,requests_chrome_ua,2026-04-24T22:54:12.056921+00:00
habit,True,200,1255,requests_chrome_ua,2026-04-24T22:54:13.207005+00:00
ticket-wallet,True,200,4219,requests_chrome_ua,2026-04-24T22:54:13.350566+00:00
nomi,True,200,3458,requests_chrome_ua,2026-04-24T22:54:17.877505+00:00
flott-hq,True,200,5851,requests_chrome_ua,2026-04-24T22:54:18.985211+00:00
crimson,True,200,5182,requests_chrome_ua,2026-04-24T22:54:18.718760+00:00
throxy,True,200,11537,requests_chrome_ua,2026-04-24T22:54:20.269995+00:00
lyrahq,True,200,1677,requests_chrome_ua,2026-04-24T22:54:23.211586+00:00
casco,True,200,3329,requests_chrome_ua,2026-04-24T22:54:17.992090+00:00
lucis,True,200,12259,requests_chrome_ua,2026-04-24T22:54:19.052570+00:00
cleon,,,0,requests_chrome_ua,2026-04-24T22:54:21.658817+00:00
combinely,True,200,2772,requests_chrome_ua,2026-04-24T22:54:05.504200+00:00
theta,True,200,2969,requests_chrome_ua,2026-04-24T22:54:23.485803+00:00
novoflow,True,200,13689,requests_chrome_ua,2026-04-24T22:54:25.406441+00:00
jazzberry,False,200,35,requests_chrome_ua,2026-04-24T22:54:29.468260+00:00
human-behavior,True,200,18206,requests_chrome_ua,2026-04-24T22:54:27.764227+00:00
besimple-ai,True,200,5540,requests_chrome_ua,2026-04-24T22:54:29.316404+00:00
runrl,False,200,0,requests_chrome_ua,2026-04-24T22:54:13.433313+00:00
morphik,True,200,3191,requests_chrome_ua,2026-04-24T22:54:13.633087+00:00
jeevy-fabrication,True,200,1718,requests_chrome_ua,2026-04-24T22:54:03.000707+00:00
alkali,True,200,2756,requests_chrome_ua,2026-04-24T22:54:28.838659+00:00
powermatrix,True,200,1120,requests_chrome_ua,2026-04-24T22:54:30.359083+00:00
prism,True,200,2537,requests_chrome_ua,2026-04-24T22:54:27.520769+00:00
paraquery,True,200,3001,requests_chrome_ua,2026-04-24T22:54:35.032100+00:00
third-chair,True,200,3188,requests_chrome_ua,2026-04-24T22:54:34.694850+00:00
boost-robotics,False,200,190,requests_chrome_ua,2026-04-24T22:54:35.212769+00:00
sygaldry-technologies,True,200,3349,requests_chrome_ua,2026-04-24T22:54:35.090384+00:00
vesence,True,200,4880,requests_chrome_ua,2026-04-24T22:54:34.694498+00:00
vassar-robotics,False,200,189,requests_chrome_ua,2026-04-24T22:54:37.289968+00:00
morphoai,False,200,107,requests_chrome_ua,2026-04-24T22:54:37.657932+00:00
eloquent-ai,True,200,12721,requests_chrome_ua,2026-04-24T22:54:38.441616+00:00
bramante-biologics,False,200,46,requests_chrome_ua,2026-04-24T22:54:40.033982+00:00
saffron-health,False,200,0,requests_chrome_ua,2026-04-24T22:54:40.032057+00:00
valuemate,True,200,9758,requests_chrome_ua,2026-04-24T22:54:40.641723+00:00
janus,True,200,3853,requests_chrome_ua,2026-04-24T22:54:42.542138+00:00
zero,False,200,0,requests_chrome_ua,2026-04-24T22:54:41.567445+00:00
relixir,True,200,6271,requests_chrome_ua,2026-04-24T22:54:48.100908+00:00
lapel,True,200,1631,requests_chrome_ua,2026-04-24T22:54:48.829537+00:00
chrt,True,200,12380,requests_chrome_ua,2026-04-24T22:54:49.291618+00:00
probo,True,200,7397,requests_chrome_ua,2026-04-24T22:54:51.143461+00:00
mesmer,True,200,2301,requests_chrome_ua,2026-04-24T22:54:48.594372+00:00
hemut,False,200,0,requests_chrome_ua,2026-04-24T22:54:42.503731+00:00
mindfort,True,200,2774,requests_chrome_ua,2026-04-24T22:54:50.914903+00:00
delty,True,200,9377,requests_chrome_ua,2026-04-24T22:54:56.068261+00:00
nimbic-ai,,,0,requests_chrome_ua,2026-04-24T22:54:55.939863+00:00
adentris,True,200,5607,requests_chrome_ua,2026-04-24T22:54:53.118369+00:00
klavis-ai,True,200,3367,requests_chrome_ua,2026-04-24T22:54:34.771034+00:00
propolis,False,404,83,requests_chrome_ua,2026-04-24T22:54:57.303262+00:00
cotool,True,200,5752,requests_chrome_ua,2026-04-24T22:54:56.570141+00:00
mlop,False,200,2278,requests_chrome_ua,2026-04-24T22:55:01.159377+00:00
scalar-field,False,200,10,requests_chrome_ua,2026-04-24T22:54:39.795616+00:00
den,True,200,1392,requests_chrome_ua,2026-04-24T22:55:00.614909+00:00
lumari,True,200,24350,requests_chrome_ua,2026-04-24T22:55:01.173507+00:00
linewise,True,200,2815,requests_chrome_ua,2026-04-24T22:55:01.438229+00:00
oncactus,True,200,5679,requests_chrome_ua,2026-04-24T22:55:07.336838+00:00
starsling,True,200,1652,requests_chrome_ua,2026-04-24T22:55:08.109534+00:00
moby-analytics,False,200,0,requests_chrome_ua,2026-04-24T22:54:55.262606+00:00
text-ai,True,200,4281,requests_chrome_ua,2026-04-24T22:55:08.489418+00:00
theorem-2,False,200,113,requests_chrome_ua,2026-04-24T22:55:10.267228+00:00
airweave,True,200,19556,requests_chrome_ua,2026-04-24T22:55:11.400317+00:00
sieveai,False,200,0,requests_chrome_ua,2026-04-24T22:55:14.863159+00:00
cascade-space,True,200,1095,requests_chrome_ua,2026-04-24T22:55:16.117589+00:00
blueshoe,True,200,5061,requests_chrome_ua,2026-04-24T22:55:15.686607+00:00
aegis,True,200,4150,requests_chrome_ua,2026-04-24T22:55:16.811239+00:00
bond,True,200,2258,requests_chrome_ua,2026-04-24T22:55:16.049252+00:00
godela,True,200,3899,requests_chrome_ua,2026-04-24T22:55:24.060678+00:00
wavedash,True,200,3806,requests_chrome_ua,2026-04-24T22:55:08.058163+00:00
bitpatrol,False,200,2350,requests_chrome_ua,2026-04-24T22:55:21.925226+00:00
sureform,True,200,307,requests_chrome_ua,2026-04-24T22:55:25.887729+00:00
foundation-industries,True,200,2677,requests_chrome_ua,2026-04-24T22:55:25.272230+00:00
cohesive,True,200,2540,requests_chrome_ua,2026-04-24T22:55:28.418748+00:00
qualgent,True,200,15483,requests_chrome_ua,2026-04-24T22:54:27.693078+00:00
poka-labs,True,200,4834,requests_chrome_ua,2026-04-24T22:55:32.280128+00:00
simplex,True,200,2984,requests_chrome_ua,2026-04-24T22:55:35.371400+00:00
fuse-2,True,200,8788,requests_chrome_ua,2026-04-24T22:55:38.014354+00:00
overeasy,,,0,requests_chrome_ua,2026-04-24T22:55:38.748421+00:00
acx,True,200,688,requests_chrome_ua,2026-04-24T22:55:40.233241+00:00
docket,True,200,3650,requests_chrome_ua,2026-04-24T22:55:26.036676+00:00
central,True,200,13801,requests_chrome_ua,2026-04-24T22:55:35.903919+00:00
angstrom-ai,True,200,1715,requests_chrome_ua,2026-04-24T22:55:54.118381+00:00
abel-police,True,200,684,requests_chrome_ua,2026-04-24T22:55:55.074563+00:00
ligo-biosciences,True,200,3376,requests_chrome_ua,2026-04-24T22:55:42.891357+00:00
coval,False,200,0,requests_chrome_ua,2026-04-24T22:55:52.794437+00:00
evolvere-biosciences,False,200,0,requests_chrome_ua,2026-04-24T22:55:50.282012+00:00
spur,True,200,15468,requests_chrome_ua,2026-04-24T22:55:43.521191+00:00
roger-2,True,200,3116,requests_chrome_ua,2026-04-24T22:55:57.893645+00:00
code-four,True,200,8459,requests_chrome_ua,2026-04-24T22:55:01.262263+00:00
apten,True,200,5860,requests_chrome_ua,2026-04-24T22:56:07.963262+00:00
superunit,True,200,5851,requests_chrome_ua,2026-04-24T22:56:09.704359+00:00
undermind,True,200,6629,requests_chrome_ua,2026-04-24T22:56:09.375576+00:00
doublezero,,,0,requests_chrome_ua,2026-04-24T22:56:13.965932+00:00
domu-technology-inc,True,200,8777,requests_chrome_ua,2026-04-24T22:56:08.639101+00:00
spherecast,True,200,8495,requests_chrome_ua,2026-04-24T22:56:07.757461+00:00
ultra,True,200,1709,requests_chrome_ua,2026-04-24T22:55:54.299991+00:00
miru-ml,False,200,0,requests_chrome_ua,2026-04-24T22:56:06.711266+00:00
understood-care,True,200,9597,requests_chrome_ua,2026-04-24T22:56:15.286342+00:00
cheers,True,200,5586,requests_chrome_ua,2026-04-24T22:56:23.472845+00:00
mem0,True,200,14607,requests_chrome_ua,2026-04-24T22:56:24.686698+00:00
theseus,True,200,2955,requests_chrome_ua,2026-04-24T22:56:30.742739+00:00
saphira-ai,True,200,8171,requests_chrome_ua,2026-04-24T22:56:27.355741+00:00
spaceium-inc,False,403,89,requests_chrome_ua,2026-04-24T22:56:33.349635+00:00
comfy-deploy,True,200,9467,requests_chrome_ua,2026-04-24T22:56:32.367245+00:00
synnax,True,200,7561,requests_chrome_ua,2026-04-24T22:56:31.185511+00:00
glasskube,True,200,3712,requests_chrome_ua,2026-04-24T22:56:27.277839+00:00
entangl,True,200,2137,requests_chrome_ua,2026-04-24T22:56:53.735430+00:00
claimsorted,True,200,3721,requests_chrome_ua,2026-04-24T22:56:51.860387+00:00
pre,True,200,4997,requests_chrome_ua,2026-04-24T22:56:49.274301+00:00
mdhub,True,200,6160,requests_chrome_ua,2026-04-24T22:56:49.891769+00:00
hamming-ai,True,200,26592,requests_chrome_ua,2026-04-24T22:56:49.546387+00:00
educato,True,200,7836,requests_chrome_ua,2026-04-24T22:56:36.301871+00:00
prohostai,True,200,9769,requests_chrome_ua,2026-04-24T22:56:38.212796+00:00
random-labs,False,200,0,requests_chrome_ua,2026-04-24T22:57:09.207670+00:00
unsloth-ai,False,200,3309,requests_chrome_ua,2026-04-24T22:57:06.951646+00:00
digitalcarbon,True,200,871,requests_chrome_ua,2026-04-24T22:57:11.016150+00:00
bayesline,False,200,0,requests_chrome_ua,2026-04-24T22:57:12.263303+00:00
flyflow,,,0,requests_chrome_ua,2026-04-24T22:57:12.781907+00:00
callback,True,200,1888,requests_chrome_ua,2026-04-24T22:57:14.933365+00:00
tabula,False,200,0,requests_chrome_ua,2026-04-24T22:57:18.108621+00:00
stack-auth,True,200,4484,requests_chrome_ua,2026-04-24T22:57:21.240188+00:00
sagecare,True,200,9593,requests_chrome_ua,2026-04-24T22:57:23.598974+00:00
maitai,True,200,8039,requests_chrome_ua,2026-04-24T22:57:28.092042+00:00
invaria,False,200,0,requests_chrome_ua,2026-04-24T22:57:21.090698+00:00
corgi-insurance,True,200,21120,requests_chrome_ua,2026-04-24T22:57:26.634462+00:00
codes-health,True,200,4064,requests_chrome_ua,2026-04-24T22:56:56.398874+00:00
sorcerer,True,200,1421,requests_chrome_ua,2026-04-24T22:57:39.582815+00:00
wordware,True,200,1352,requests_chrome_ua,2026-04-24T22:57:39.427551+00:00
ideate-xyz,False,502,28,requests_chrome_ua,2026-04-24T22:57:55.117906+00:00
videogen,True,200,2796,requests_chrome_ua,2026-04-24T22:57:25.705206+00:00
stardrift,True,200,3178,requests_chrome_ua,2026-04-24T22:57:55.505102+00:00
phonely,True,200,9408,requests_chrome_ua,2026-04-24T22:57:25.767469+00:00
decisional-ai,True,200,6578,requests_chrome_ua,2026-04-24T22:57:57.712738+00:00
hyrex,True,200,2959,requests_chrome_ua,2026-04-24T22:58:09.396066+00:00
retrofix,True,200,6856,requests_chrome_ua,2026-04-24T22:58:09.220230+00:00
unbound,True,200,10159,requests_chrome_ua,2026-04-24T22:58:09.318416+00:00
firstwork,True,200,5256,requests_chrome_ua,2026-04-24T22:57:50.673390+00:00
silurian,True,200,878,requests_chrome_ua,2026-04-24T22:58:11.286219+00:00
azalea-robotics-corporation,True,200,3303,requests_chrome_ua,2026-04-24T22:58:02.610358+00:00
networkocean,True,200,1211,requests_chrome_ua,2026-04-24T22:58:38.901067+00:00
cloudglue,True,200,4546,requests_chrome_ua,2026-04-24T22:58:40.426358+00:00
deepsim-inc,True,200,1040,requests_chrome_ua,2026-04-24T22:58:48.139812+00:00
scape,False,200,2175,requests_chrome_ua,2026-04-24T22:58:46.313905+00:00
storia-ai,False,200,244,requests_chrome_ua,2026-04-24T22:58:50.446126+00:00
offstream,True,200,4912,requests_chrome_ua,2026-04-24T22:58:54.837778+00:00
zuni,True,200,3251,requests_chrome_ua,2026-04-24T22:58:46.254350+00:00
rewbi,True,200,1715,requests_chrome_ua,2026-04-24T22:58:42.363143+00:00
elevate-2,True,200,2088,requests_chrome_ua,2026-04-24T22:58:55.489893+00:00
lucible,True,200,1428,requests_chrome_ua,2026-04-24T22:59:01.163448+00:00
codeviz,True,200,2367,requests_chrome_ua,2026-04-24T22:59:08.375138+00:00
runlocal-ai,True,200,4395,requests_chrome_ua,2026-04-24T22:59:08.236764+00:00
snowpilot,False,525,706,requests_chrome_ua,2026-04-24T22:59:10.738191+00:00
joinlore,True,200,6477,requests_chrome_ua,2026-04-24T22:59:10.681668+00:00
rimba,True,200,11658,requests_chrome_ua,2026-04-24T22:54:53.516572+00:00
proxis,True,200,3211,requests_chrome_ua,2026-04-24T22:58:46.243518+00:00
parahelp,True,200,6638,requests_chrome_ua,2026-04-24T22:59:10.654506+00:00
minusx,True,200,7846,requests_chrome_ua,2026-04-24T22:59:12.017240+00:00
aminoanalytica,True,200,3466,requests_chrome_ua,2026-04-24T22:59:18.335412+00:00
kenley,True,200,1772,requests_chrome_ua,2026-04-24T22:59:18.203242+00:00
gauge,True,200,10551,requests_chrome_ua,2026-04-24T22:59:18.295446+00:00
ares-industries,True,200,2644,requests_chrome_ua,2026-04-24T22:59:04.094773+00:00
tandem-2,True,200,2670,requests_chrome_ua,2026-04-24T22:59:18.204679+00:00
dodo,False,200,0,requests_chrome_ua,2026-04-24T22:59:03.907453+00:00
dench-com,True,200,9444,requests_chrome_ua,2026-04-24T22:59:22.968477+00:00
dmodel,True,200,1661,requests_chrome_ua,2026-04-24T22:59:27.919320+00:00
ledgerup,True,200,13082,requests_chrome_ua,2026-04-24T22:59:27.286036+00:00
plume,True,200,3649,requests_chrome_ua,2026-04-24T22:59:26.571266+00:00
tivara,True,200,5099,requests_chrome_ua,2026-04-24T22:59:16.390867+00:00
pulse-3,True,200,8411,requests_chrome_ua,2026-04-24T22:59:26.493840+00:00
lighthouz-ai,True,200,6147,requests_chrome_ua,2026-04-24T22:59:30.625585+00:00
modus,True,200,12058,requests_chrome_ua,2026-04-24T22:59:30.576254+00:00
the-synthesis-company,True,200,2870,requests_chrome_ua,2026-04-24T22:59:34.203519+00:00
mito-health,True,200,30585,requests_chrome_ua,2026-04-24T22:59:33.943475+00:00
substrate,True,200,6300,requests_chrome_ua,2026-04-24T22:59:34.418670+00:00
camfer,True,200,540,requests_chrome_ua,2026-04-24T22:59:15.203367+00:00
benchify,True,200,10865,requests_chrome_ua,2026-04-24T22:59:36.107621+00:00
fazeshift,True,200,7683,requests_chrome_ua,2026-04-24T22:59:35.119310+00:00
anthrogen,True,200,5270,requests_chrome_ua,2026-04-24T22:59:39.561132+00:00
weave-robotics,True,200,1070,requests_chrome_ua,2026-04-24T22:59:18.207589+00:00
kopra-bio,False,200,266,requests_chrome_ua,2026-04-24T22:59:40.088287+00:00
autopallet-robotics,True,200,949,requests_chrome_ua,2026-04-24T22:59:25.974988+00:00
manaflow,False,200,153,requests_chrome_ua,2026-04-24T22:59:42.807612+00:00
kastle,True,200,43148,requests_chrome_ua,2026-04-24T22:59:40.265415+00:00
panora,True,200,5936,requests_chrome_ua,2026-04-24T22:59:42.905137+00:00
creativemode,True,200,10158,requests_chrome_ua,2026-04-24T22:59:41.454218+00:00
aluna,False,200,920,requests_chrome_ua,2026-04-24T22:59:47.699585+00:00
expand-ai,True,200,3720,requests_chrome_ua,2026-04-24T22:59:51.532357+00:00
zoa-research,True,200,1144,requests_chrome_ua,2026-04-24T22:59:52.028359+00:00
saturn,True,200,6124,requests_chrome_ua,2026-04-24T22:59:51.914805+00:00
promi,True,200,5234,requests_chrome_ua,2026-04-24T22:59:51.498742+00:00
clearly-ai,True,200,13874,requests_chrome_ua,2026-04-24T22:59:51.910972+00:00
reactwise,True,200,3391,requests_chrome_ua,2026-04-24T22:59:52.120517+00:00
taxgpt,True,200,10916,requests_chrome_ua,2026-04-24T22:59:34.681294+00:00
1849-bio,True,200,5394,requests_chrome_ua,2026-04-24T22:59:55.317428+00:00
vibe,False,200,0,requests_chrome_ua,2026-04-24T22:59:58.667479+00:00
hestus-inc,True,200,1169,requests_chrome_ua,2026-04-24T22:59:59.402629+00:00
finny-ai,True,200,5386,requests_chrome_ua,2026-04-24T22:59:58.852732+00:00
magicode,,,0,requests_chrome_ua,2026-04-24T22:59:58.962179+00:00
redouble-ai,False,200,0,requests_chrome_ua,2026-04-24T23:00:03.728875+00:00
anara,True,200,7676,requests_chrome_ua,2026-04-24T22:59:59.511798+00:00
planbase,False,200,0,requests_chrome_ua,2026-04-24T23:00:02.805295+00:00
dimely,True,200,4108,requests_chrome_ua,2026-04-24T23:00:03.729599+00:00
conveo,True,200,10455,requests_chrome_ua,2026-04-24T22:59:42.228570+00:00
ontra-mobility,True,200,2801,requests_chrome_ua,2026-04-24T22:59:49.658151+00:00
seals-ai,False,200,46,requests_chrome_ua,2026-04-24T23:00:09.379350+00:00
biocartesian,True,200,587,requests_chrome_ua,2026-04-24T23:00:10.059645+00:00
opslane,True,200,1835,requests_chrome_ua,2026-04-24T23:00:10.712268+00:00
drillbit,True,200,7951,requests_chrome_ua,2026-04-24T23:00:07.181046+00:00
winfunc,True,200,9167,requests_chrome_ua,2026-04-24T23:00:10.449886+00:00
autumn-labs,True,200,9488,requests_chrome_ua,2026-04-24T23:00:12.102447+00:00
conductor-quantum,True,200,26629,requests_chrome_ua,2026-04-24T23:00:13.393118+00:00
pax,True,200,934,requests_chrome_ua,2026-04-24T23:00:16.352873+00:00
david-ai,True,200,3491,requests_chrome_ua,2026-04-24T23:00:17.544345+00:00
distro,True,200,21354,requests_chrome_ua,2026-04-24T23:00:17.858780+00:00
remade,True,200,2413,requests_chrome_ua,2026-04-24T23:00:18.581872+00:00
beebettor,,,0,requests_chrome_ua,2026-04-24T23:00:17.522018+00:00
zeit-ai,True,200,4520,requests_chrome_ua,2026-04-24T23:00:18.809939+00:00
ember-robotics,True,200,5809,requests_chrome_ua,2026-04-24T23:00:24.556980+00:00
kura-ai,False,200,46,requests_chrome_ua,2026-04-24T23:00:23.339013+00:00
thunder-compute,True,200,3417,requests_chrome_ua,2026-04-24T23:00:24.007595+00:00
deepsilicon,False,200,0,requests_chrome_ua,2026-04-24T23:00:07.491671+00:00
pinnacle,True,200,12216,requests_chrome_ua,2026-04-24T23:00:25.790207+00:00
mineflow,True,200,429,requests_chrome_ua,2026-04-24T23:00:30.235041+00:00
parley,True,200,11617,requests_chrome_ua,2026-04-24T23:00:29.575438+00:00
intryc,True,200,10944,requests_chrome_ua,2026-04-24T23:00:26.100406+00:00
stempad,True,200,5881,requests_chrome_ua,2026-04-24T23:00:17.338334+00:00
zettascale,True,200,5912,requests_chrome_ua,2026-04-24T23:00:37.105236+00:00
brighterway,False,200,46,requests_chrome_ua,2026-04-24T23:00:34.241223+00:00
mage-legal,False,200,13154,requests_chrome_ua,2026-04-24T23:00:17.786450+00:00
praxos,True,200,4369,requests_chrome_ua,2026-04-24T23:00:37.506734+00:00
emergent,True,200,6133,requests_chrome_ua,2026-04-24T23:00:22.650981+00:00
cerulion,True,200,1938,requests_chrome_ua,2026-04-24T23:00:43.630530+00:00
presti-ai,True,200,5077,requests_chrome_ua,2026-04-24T23:00:43.114734+00:00
laminar,True,200,16506,requests_chrome_ua,2026-04-24T23:00:44.362710+00:00
soff,True,200,4812,requests_chrome_ua,2026-04-24T23:00:29.792952+00:00
sensei,True,200,374,requests_chrome_ua,2026-04-24T23:00:44.887254+00:00
schemeflow,False,200,0,requests_chrome_ua,2026-04-24T23:00:34.499038+00:00
simple-ai,True,200,3492,requests_chrome_ua,2026-04-24T23:00:51.234237+00:00
refactor,True,200,4720,requests_chrome_ua,2026-04-24T23:00:51.940300+00:00
lilac-labs,False,200,10,requests_chrome_ua,2026-04-24T23:00:51.766999+00:00
palmier,False,200,0,requests_chrome_ua,2026-04-24T23:00:51.386756+00:00
baseline-ai,False,404,104,requests_chrome_ua,2026-04-24T23:00:56.154257+00:00
riskangle,False,200,127,requests_chrome_ua,2026-04-24T23:00:55.664747+00:00
odo,True,200,3922,requests_chrome_ua,2026-04-24T23:00:56.343630+00:00
sonatoria,False,200,0,requests_chrome_ua,2026-04-24T23:00:55.317064+00:00
paasa,True,200,10945,requests_chrome_ua,2026-04-24T23:00:51.945487+00:00
haystack-software,False,200,0,requests_chrome_ua,2026-04-24T23:00:59.721893+00:00
the-forecasting-company,True,200,3916,requests_chrome_ua,2026-04-24T23:00:38.165759+00:00
heroui,True,200,2372,requests_chrome_ua,2026-04-24T23:01:01.439110+00:00
rescript,False,200,4078,requests_chrome_ua,2026-04-24T23:01:04.767671+00:00
ionworks,True,200,10574,requests_chrome_ua,2026-04-24T23:01:05.763036+00:00
lumenary,,,0,requests_chrome_ua,2026-04-24T23:00:07.127556+00:00
thyme,True,200,1133,requests_chrome_ua,2026-04-24T23:01:05.840827+00:00
guardian-rf,True,200,3616,requests_chrome_ua,2026-04-24T23:00:44.531065+00:00
handled,False,200,0,requests_chrome_ua,2026-04-24T23:01:06.842540+00:00
dataleap,True,200,5028,requests_chrome_ua,2026-04-24T23:01:10.640488+00:00
leviathan,False,404,104,requests_chrome_ua,2026-04-24T23:01:14.247357+00:00
finosu,True,200,6026,requests_chrome_ua,2026-04-24T23:00:59.658952+00:00
ai-2,True,200,5142,requests_chrome_ua,2026-04-24T23:00:59.979528+00:00
helium,True,200,12835,requests_chrome_ua,2026-04-24T23:01:00.431694+00:00
zeropath,True,200,6184,requests_chrome_ua,2026-04-24T23:01:14.248896+00:00
argil,True,200,5514,requests_chrome_ua,2026-04-24T23:01:14.465883+00:00
vendra,False,200,0,requests_chrome_ua,2026-04-24T23:01:19.958762+00:00
propaya,True,200,2146,requests_chrome_ua,2026-04-24T23:01:23.324335+00:00
entropy,True,200,6842,requests_chrome_ua,2026-04-24T23:01:24.145093+00:00
cartage,True,200,19817,requests_chrome_ua,2026-04-24T23:00:53.251762+00:00
polymet,True,200,1814,requests_chrome_ua,2026-04-24T23:01:27.634962+00:00
omnidock,False,200,0,requests_chrome_ua,2026-04-24T23:01:28.661978+00:00
kontigo,True,200,11045,requests_chrome_ua,2026-04-24T23:01:27.021009+00:00
weel,False,200,0,requests_chrome_ua,2026-04-24T23:01:26.524938+00:00
autarc,True,200,5904,requests_chrome_ua,2026-04-24T23:01:28.988644+00:00
sepal-ai,True,200,1684,requests_chrome_ua,2026-04-24T23:01:29.907746+00:00
sterling-labs-inc,False,200,2126,requests_chrome_ua,2026-04-24T23:01:31.370198+00:00
typa,True,200,1592,requests_chrome_ua,2026-04-24T23:01:34.025219+00:00
starcloud,True,200,2927,requests_chrome_ua,2026-04-24T23:01:13.442301+00:00
tradeflow,True,200,11036,requests_chrome_ua,2026-04-24T23:01:35.501215+00:00
voker,False,200,228,requests_chrome_ua,2026-04-24T23:01:35.432875+00:00
rentflow,True,200,2181,requests_chrome_ua,2026-04-24T23:01:36.294834+00:00
rastro,True,200,4014,requests_chrome_ua,2026-04-24T23:01:34.842952+00:00
blaze-2,True,200,3834,requests_chrome_ua,2026-04-24T23:01:40.740334+00:00
oway,True,200,4272,requests_chrome_ua,2026-04-24T23:01:40.977550+00:00
pap,True,200,5096,requests_chrome_ua,2026-04-24T23:01:38.572589+00:00
saldor,True,200,6555,requests_chrome_ua,2026-04-24T23:01:41.995996+00:00
bucket-robotics,False,200,0,requests_chrome_ua,2026-04-24T23:01:41.978739+00:00
moreta,True,200,12064,requests_chrome_ua,2026-04-24T23:01:33.113391+00:00
diode-computers-inc,True,200,2608,requests_chrome_ua,2026-04-24T23:01:47.786462+00:00
quetzal,True,200,2528,requests_chrome_ua,2026-04-24T23:01:34.842211+00:00
orcaengine,True,200,4935,requests_chrome_ua,2026-04-24T23:01:30.669056+00:00
assembly-hoa,True,200,6974,requests_chrome_ua,2026-04-24T23:01:29.810628+00:00
dayflow,True,200,4287,requests_chrome_ua,2026-04-24T23:01:48.324437+00:00
surebright,True,200,40309,requests_chrome_ua,2026-04-24T23:01:47.660716+00:00
keet,True,200,2745,requests_chrome_ua,2026-04-24T23:01:51.411439+00:00
pharos,False,200,0,requests_chrome_ua,2026-04-24T23:01:55.286280+00:00
et-al,True,200,3845,requests_chrome_ua,2026-04-24T23:01:55.095409+00:00
rowboat-labs,False,200,0,requests_chrome_ua,2026-04-24T23:01:56.076803+00:00
pipeshift,True,200,22859,requests_chrome_ua,2026-04-24T23:01:55.468031+00:00
vera-health,True,200,4042,requests_chrome_ua,2026-04-24T23:01:55.403262+00:00
ficra,True,200,2761,requests_chrome_ua,2026-04-24T23:01:57.319316+00:00
hey-revia,True,200,5289,requests_chrome_ua,2026-04-24T23:01:58.386053+00:00
anglera,False,200,0,requests_chrome_ua,2026-04-24T23:02:01.188813+00:00
xtraffic,True,200,1399,requests_chrome_ua,2026-04-24T23:02:00.682614+00:00
browseros,True,200,6505,requests_chrome_ua,2026-04-24T23:02:00.468141+00:00
usul,True,200,10597,requests_chrome_ua,2026-04-24T23:01:47.345063+00:00
elayne,True,200,5606,requests_chrome_ua,2026-04-24T23:01:40.884012+00:00
henry-2,True,200,5195,requests_chrome_ua,2026-04-24T23:02:00.396557+00:00
void,True,200,375,requests_chrome_ua,2026-04-24T23:02:04.520475+00:00
terra-2,True,200,1540,requests_chrome_ua,2026-04-24T23:01:49.040085+00:00
patched,True,200,1421,requests_chrome_ua,2026-04-24T23:02:08.847826+00:00
mica-ai,True,200,3323,requests_chrome_ua,2026-04-24T23:02:08.455641+00:00
formula-insight,False,200,248,requests_chrome_ua,2026-04-24T23:02:08.100577+00:00
overlap,True,200,13643,requests_chrome_ua,2026-04-24T23:02:06.960471+00:00
arva-ai,True,200,14073,requests_chrome_ua,2026-04-24T23:02:11.451889+00:00
affil-ai,True,200,3306,requests_chrome_ua,2026-04-24T23:02:10.331867+00:00
merlin-ai,True,200,2668,requests_chrome_ua,2026-04-24T23:02:15.805820+00:00
orgorg,True,200,4720,requests_chrome_ua,2026-04-24T23:02:10.230828+00:00
bits-to-atoms,False,200,96,requests_chrome_ua,2026-04-24T23:02:16.331059+00:00
freestyle,True,200,6065,requests_chrome_ua,2026-04-24T23:02:12.185181+00:00
midship,True,200,7687,requests_chrome_ua,2026-04-24T23:02:16.270404+00:00
pathpilot,True,200,15304,requests_chrome_ua,2026-04-24T23:02:18.587871+00:00
syntra,True,200,2769,requests_chrome_ua,2026-04-24T23:02:20.156091+00:00
outerport,True,200,4069,requests_chrome_ua,2026-04-24T23:02:21.665517+00:00
conductor,True,200,3611,requests_chrome_ua,2026-04-24T23:02:21.286344+00:00
dreamrp,False,200,0,requests_chrome_ua,2026-04-24T23:02:21.431695+00:00
village-labs,False,200,0,requests_chrome_ua,2026-04-24T23:02:08.622080+00:00
stormy-ai,True,200,8531,requests_chrome_ua,2026-04-24T23:02:22.442996+00:00
fluidize,True,200,1663,requests_chrome_ua,2026-04-24T23:02:24.212162+00:00
autumn,True,200,5678,requests_chrome_ua,2026-04-24T23:02:24.024382+00:00
capitol-ai,True,200,6959,requests_chrome_ua,2026-04-24T23:02:04.952551+00:00
ambral,True,200,1145,requests_chrome_ua,2026-04-24T23:02:26.493857+00:00
nixo,True,200,4229,requests_chrome_ua,2026-04-24T23:02:28.940667+00:00
serafis,True,200,8806,requests_chrome_ua,2026-04-24T23:02:28.667745+00:00
synthetic-society,True,200,2709,requests_chrome_ua,2026-04-24T23:02:30.000061+00:00
wayline,True,200,47894,requests_chrome_ua,2026-04-24T23:02:28.653529+00:00
cactus,True,200,4031,requests_chrome_ua,2026-04-24T23:02:29.964949+00:00
rid,False,200,0,requests_chrome_ua,2026-04-24T23:02:30.131644+00:00
getasap,False,200,0,requests_chrome_ua,2026-04-24T23:02:31.566045+00:00
adaptional,True,200,3750,requests_chrome_ua,2026-04-24T23:02:31.494335+00:00
simcare,True,200,7761,requests_chrome_ua,2026-04-24T23:02:16.239800+00:00
meteor,True,200,452,requests_chrome_ua,2026-04-24T23:02:36.494037+00:00
acrely,True,200,1089,requests_chrome_ua,2026-04-24T23:02:38.594313+00:00
closera,True,200,5497,requests_chrome_ua,2026-04-24T23:02:36.536077+00:00
the-prompting-company,True,200,4989,requests_chrome_ua,2026-04-24T23:02:38.813701+00:00
halluminate,True,200,331,requests_chrome_ua,2026-04-24T23:02:40.455174+00:00
dedalus-labs,True,200,9783,requests_chrome_ua,2026-04-24T23:02:37.541010+00:00
traceroot-ai,False,200,0,requests_chrome_ua,2026-04-24T23:02:41.248507+00:00
mangodesk,False,200,0,requests_chrome_ua,2026-04-24T23:02:38.993844+00:00
blank-bio,True,200,1845,requests_chrome_ua,2026-04-24T23:02:43.313752+00:00
gitdot,True,200,1886,requests_chrome_ua,2026-04-24T23:02:45.095949+00:00
pingo-ai,True,200,11841,requests_chrome_ua,2026-04-24T23:02:30.313953+00:00
shor,False,200,4963,requests_chrome_ua,2026-04-24T23:02:46.020186+00:00
astor,True,200,9521,requests_chrome_ua,2026-04-24T23:02:44.727907+00:00
lanesurf,True,200,5867,requests_chrome_ua,2026-04-24T23:02:44.837083+00:00
golpo,True,200,770,requests_chrome_ua,2026-04-24T23:02:45.409384+00:00
pond,True,200,945,requests_chrome_ua,2026-04-24T23:02:47.035551+00:00
liva-ai,False,200,0,requests_chrome_ua,2026-04-24T23:02:55.132879+00:00
truthsystems,True,200,3489,requests_chrome_ua,2026-04-24T23:02:42.642617+00:00
playgent,True,200,3207,requests_chrome_ua,2026-04-24T23:02:59.211455+00:00
lark,True,200,3137,requests_chrome_ua,2026-04-24T23:03:05.893268+00:00
topological,True,200,1853,requests_chrome_ua,2026-04-24T23:03:05.515117+00:00
datafruit,True,200,4589,requests_chrome_ua,2026-04-24T23:03:05.482461+00:00
contextfort,True,200,2368,requests_chrome_ua,2026-04-24T23:03:05.039421+00:00
agentmail,True,200,3829,requests_chrome_ua,2026-04-24T23:02:41.563870+00:00
verne-robotics,True,200,4543,requests_chrome_ua,2026-04-24T23:03:04.456031+00:00
effigov,True,200,3752,requests_chrome_ua,2026-04-24T23:03:14.467099+00:00
lotas,True,200,622,requests_chrome_ua,2026-04-24T23:03:15.907764+00:00
nuntius,False,200,36,requests_chrome_ua,2026-04-24T23:03:16.558357+00:00
design-arena,True,200,678,requests_chrome_ua,2026-04-24T23:03:15.841888+00:00
overdrive-health,False,200,10,requests_chrome_ua,2026-04-24T23:03:16.132328+00:00
monarcha,True,200,4692,requests_chrome_ua,2026-04-24T23:03:15.927890+00:00
orange-slice,True,200,4036,requests_chrome_ua,2026-04-24T23:03:16.139889+00:00
wafer,True,200,2171,requests_chrome_ua,2026-04-24T23:03:17.046573+00:00
panels,True,200,5775,requests_chrome_ua,2026-04-24T23:03:20.480205+00:00
qualify-bot,False,200,0,requests_chrome_ua,2026-04-24T23:03:23.037733+00:00
lilac,False,200,2380,requests_chrome_ua,2026-04-24T23:03:23.531281+00:00
cyberdesk,True,200,2752,requests_chrome_ua,2026-04-24T23:03:23.503232+00:00
tryjanet,True,200,2719,requests_chrome_ua,2026-04-24T23:03:23.530119+00:00
bitrig,True,200,1596,requests_chrome_ua,2026-04-24T23:03:13.309904+00:00
imprezia,True,200,1489,requests_chrome_ua,2026-04-24T23:03:23.870179+00:00
ondeck-ai,True,200,3441,requests_chrome_ua,2026-04-24T23:03:27.412364+00:00
skope,True,200,4067,requests_chrome_ua,2026-04-24T23:03:27.654745+00:00
kestroll,,,,skipped_no_url,2026-04-24T23:03:33.081281+00:00
zeroeval,True,200,5430,requests_chrome_ua,2026-04-24T23:03:04.923745+00:00
deepgrove,False,200,0,requests_chrome_ua,2026-04-24T23:03:28.930651+00:00
sagekit,False,200,109,requests_chrome_ua,2026-04-24T23:03:29.071676+00:00
proliferate,True,200,2590,requests_chrome_ua,2026-04-24T23:03:29.071624+00:00
frizzle,False,200,2277,requests_chrome_ua,2026-04-24T23:03:28.916322+00:00
deepaware-ai,True,200,1348,requests_chrome_ua,2026-04-24T23:03:30.776225+00:00
stockline,False,200,0,requests_chrome_ua,2026-04-24T23:03:29.223441+00:00
tesora,False,200,0,requests_chrome_ua,2026-04-24T23:03:32.775653+00:00
pangolin,True,200,1491,requests_chrome_ua,2026-04-24T23:03:33.082880+00:00
wedge,True,200,5812,requests_chrome_ua,2026-04-24T23:03:33.848152+00:00
slashy,False,200,0,requests_chrome_ua,2026-04-24T23:03:33.863928+00:00
careswift,True,200,14398,requests_chrome_ua,2026-04-24T23:03:33.793649+00:00
stellon-labs,False,200,212,requests_chrome_ua,2026-04-24T23:03:39.064787+00:00
bootloop,True,200,8368,requests_chrome_ua,2026-04-24T23:03:35.713926+00:00
agenthub-2,False,200,0,requests_chrome_ua,2026-04-24T23:03:34.917952+00:00
parachute,True,200,2845,requests_chrome_ua,2026-04-24T23:03:40.584200+00:00
alter,True,200,5947,requests_chrome_ua,2026-04-24T23:03:23.961101+00:00
nexa-labs,True,200,22975,requests_chrome_ua,2026-04-24T23:03:35.194876+00:00
louiza-labs,True,200,1264,requests_chrome_ua,2026-04-24T23:03:41.401943+00:00
ironledger-ai,True,200,5317,requests_chrome_ua,2026-04-24T23:03:44.842131+00:00
trace-so,True,200,13653,requests_chrome_ua,2026-04-24T23:03:45.298608+00:00
fulcrum,False,200,83,requests_chrome_ua,2026-04-24T23:03:46.876221+00:00
theinterface,True,200,426,requests_chrome_ua,2026-04-24T23:03:44.917741+00:00
kalinda,True,200,4557,requests_chrome_ua,2026-04-24T23:03:40.455132+00:00
epicenter,False,200,3069,requests_chrome_ua,2026-04-24T23:03:53.479887+00:00
candytrail,True,200,2774,requests_chrome_ua,2026-04-24T23:03:53.451174+00:00
embedder,True,200,5150,requests_chrome_ua,2026-04-24T23:03:52.703584+00:00
flai,True,200,6562,requests_chrome_ua,2026-04-24T23:03:52.167240+00:00
ghosteye,True,200,1538,requests_chrome_ua,2026-04-24T23:03:59.404607+00:00
doe,True,200,620,requests_chrome_ua,2026-04-24T23:03:41.697676+00:00
normal,True,200,2132,requests_chrome_ua,2026-04-24T23:04:02.612193+00:00
nozomio,False,200,0,requests_chrome_ua,2026-04-24T23:04:03.644265+00:00
mimos,True,200,9085,requests_chrome_ua,2026-04-24T23:04:03.659784+00:00
comena,True,200,23315,requests_chrome_ua,2026-04-24T23:04:03.027081+00:00
cocreate,True,200,1416,requests_chrome_ua,2026-04-24T23:03:34.026549+00:00
b12-labs,True,200,2628,requests_chrome_ua,2026-04-24T23:03:52.076060+00:00
vibeflow,True,200,3856,requests_chrome_ua,2026-04-24T23:04:03.421226+00:00
goriff,False,200,134,requests_chrome_ua,2026-04-24T23:04:09.572668+00:00
novaflow,True,200,9281,requests_chrome_ua,2026-04-24T23:04:14.459215+00:00
perseus-defense,True,200,2734,requests_chrome_ua,2026-04-24T23:04:14.372722+00:00
phases,True,200,7821,requests_chrome_ua,2026-04-24T23:04:14.297088+00:00
solva,True,200,4579,requests_chrome_ua,2026-04-24T23:04:11.392781+00:00
relling,False,200,134,requests_chrome_ua,2026-04-24T23:04:14.805819+00:00
manufact,True,200,15705,requests_chrome_ua,2026-04-24T23:04:14.608875+00:00
hyprnote,True,200,15104,requests_chrome_ua,2026-04-24T23:04:14.642434+00:00
channel3,True,200,1999,requests_chrome_ua,2026-04-24T23:03:54.512037+00:00
finto-de,True,200,4420,requests_chrome_ua,2026-04-24T23:04:22.012716+00:00
april,True,200,18297,requests_chrome_ua,2026-04-24T23:04:22.367050+00:00
albacore-inc,True,200,2729,requests_chrome_ua,2026-04-24T23:04:10.878646+00:00
risely-ai,True,200,6822,requests_chrome_ua,2026-04-24T23:04:31.624654+00:00
minimal-ai,True,200,7537,requests_chrome_ua,2026-04-24T23:04:31.820863+00:00
socratix-ai,True,200,2973,requests_chrome_ua,2026-04-24T23:04:33.114008+00:00
idler,False,200,0,requests_chrome_ua,2026-04-24T23:04:37.884705+00:00
floot,True,200,5305,requests_chrome_ua,2026-04-24T23:04:37.446906+00:00
palace,True,200,2349,requests_chrome_ua,2026-04-24T23:04:38.358367+00:00
humoniq,True,200,3104,requests_chrome_ua,2026-04-24T23:04:38.925083+00:00
avelis-health,True,200,7649,requests_chrome_ua,2026-04-24T23:04:44.174209+00:00
pares-ai,True,200,879,requests_chrome_ua,2026-04-24T23:04:44.554390+00:00
iron-grid,True,200,1806,requests_chrome_ua,2026-04-24T23:04:22.268968+00:00
altur,True,200,4466,requests_chrome_ua,2026-04-24T23:04:44.822498+00:00
autosana,False,200,0,requests_chrome_ua,2026-04-24T23:04:22.450407+00:00
omnara,False,200,0,requests_chrome_ua,2026-04-24T23:04:23.207215+00:00
motives,True,200,4284,requests_chrome_ua,2026-04-24T23:04:20.873348+00:00
metis,True,200,1647,requests_chrome_ua,2026-04-24T23:04:52.513204+00:00
tryeden,True,200,4675,requests_chrome_ua,2026-04-24T23:04:52.266632+00:00
knowlify,True,200,4879,requests_chrome_ua,2026-04-24T23:04:22.883124+00:00
f4,True,200,5700,requests_chrome_ua,2026-04-24T23:04:53.336874+00:00
sigmanticai,True,200,4013,requests_chrome_ua,2026-04-24T23:04:55.132417+00:00
alara,True,200,8150,requests_chrome_ua,2026-04-24T23:04:33.368718+00:00
opennote,True,200,2059,requests_chrome_ua,2026-04-24T23:04:54.931948+00:00
pleom,False,200,0,requests_chrome_ua,2026-04-24T23:04:58.091962+00:00
locata,True,200,7138,requests_chrome_ua,2026-04-24T23:04:58.631843+00:00
convexia,True,200,5498,requests_chrome_ua,2026-04-24T23:04:56.282450+00:00
notte,True,200,8635,requests_chrome_ua,2026-04-24T23:05:01.585986+00:00
pally,True,200,9987,requests_chrome_ua,2026-04-24T23:05:01.496855+00:00
nautilus,True,200,23831,requests_chrome_ua,2026-04-24T23:04:43.806635+00:00
certus-ai,True,200,18282,requests_chrome_ua,2026-04-24T23:05:03.909180+00:00
reacher,True,200,25601,requests_chrome_ua,2026-04-24T23:05:03.959665+00:00
kernel,False,200,0,requests_chrome_ua,2026-04-24T23:05:05.653915+00:00
juxta,True,200,2554,requests_chrome_ua,2026-04-24T23:05:08.502445+00:00
flywheel-ai,True,200,726,requests_chrome_ua,2026-04-24T23:05:13.370238+00:00
stagewise,True,200,1452,requests_chrome_ua,2026-04-24T23:05:14.178755+00:00
magnetic,True,200,3162,requests_chrome_ua,2026-04-24T23:05:15.677300+00:00
clodo,True,200,16334,requests_chrome_ua,2026-04-24T23:05:14.320947+00:00
modelence,True,200,2752,requests_chrome_ua,2026-04-24T23:05:18.506015+00:00
duranium,True,200,2895,requests_chrome_ua,2026-04-24T23:05:20.970537+00:00
tectoai,True,200,4812,requests_chrome_ua,2026-04-24T23:05:22.747265+00:00
fleetline,False,200,0,requests_chrome_ua,2026-04-24T23:05:14.952576+00:00
dscribe-ai,True,200,3169,requests_chrome_ua,2026-04-24T23:05:06.020041+00:00
okibi,False,200,10,requests_chrome_ua,2026-04-24T23:05:06.476940+00:00
hera-video,True,200,3567,requests_chrome_ua,2026-04-24T23:05:03.204003+00:00
rowflow,True,200,14757,requests_chrome_ua,2026-04-24T23:05:23.956571+00:00
sira,False,200,0,requests_chrome_ua,2026-04-24T23:04:53.832990+00:00
interfere,True,200,8295,requests_chrome_ua,2026-04-24T23:05:27.315595+00:00
spotlight-realty,True,200,5793,requests_chrome_ua,2026-04-24T23:05:34.499585+00:00
munify,True,200,8395,requests_chrome_ua,2026-04-24T23:05:26.348125+00:00
outrove,True,200,2524,requests_chrome_ua,2026-04-24T23:05:35.320817+00:00
vulcan-technologies,True,200,1022,requests_chrome_ua,2026-04-24T23:05:35.159081+00:00
veritus,True,200,15758,requests_chrome_ua,2026-04-24T23:05:35.582481+00:00
ruvo,True,200,5862,requests_chrome_ua,2026-04-24T23:05:40.895349+00:00
noso-labs,False,200,0,requests_chrome_ua,2026-04-24T23:05:35.319180+00:00
geo-ai,True,200,3542,requests_chrome_ua,2026-04-24T23:05:34.939469+00:00
freya,True,200,3633,requests_chrome_ua,2026-04-24T23:05:43.575574+00:00
luminal,True,200,3233,requests_chrome_ua,2026-04-24T23:05:43.787995+00:00
perspectives-health,True,200,11288,requests_chrome_ua,2026-04-24T23:05:20.320616+00:00
burnt,True,200,5969,requests_chrome_ua,2026-04-24T23:05:43.493068+00:00
paloma,False,200,166,requests_chrome_ua,2026-04-24T23:05:48.480147+00:00
uplift-ai,True,200,5555,requests_chrome_ua,2026-04-24T23:05:44.700562+00:00
governgpt,True,200,2783,requests_chrome_ua,2026-04-24T23:05:49.681084+00:00
jo,True,200,8514,requests_chrome_ua,2026-04-24T23:05:51.488033+00:00
lantern-2,True,200,4528,requests_chrome_ua,2026-04-24T23:05:53.611529+00:00
driver,True,200,12366,requests_chrome_ua,2026-04-24T23:05:55.857973+00:00
event-horizon-labs,True,200,2484,requests_chrome_ua,2026-04-24T23:05:59.681905+00:00
avent,True,200,1649,requests_chrome_ua,2026-04-24T23:05:43.491258+00:00
nox-metals,True,200,2486,requests_chrome_ua,2026-04-24T23:05:49.599227+00:00
upsolve-ai,True,200,11371,requests_chrome_ua,2026-04-24T23:06:01.024030+00:00
realroots,True,200,11169,requests_chrome_ua,2026-04-24T23:05:43.927880+00:00
navier-ai,False,200,0,requests_chrome_ua,2026-04-24T23:06:08.296608+00:00
blue,True,200,5390,requests_chrome_ua,2026-04-24T23:05:48.830830+00:00
relari,True,200,4300,requests_chrome_ua,2026-04-24T23:06:09.490854+00:00
yenmo,True,200,2216,requests_chrome_ua,2026-04-24T23:05:49.964421+00:00
f2,True,200,4985,requests_chrome_ua,2026-04-24T23:05:49.612389+00:00
tesseral,True,200,3551,requests_chrome_ua,2026-04-24T23:06:09.993579+00:00
drymerge,True,200,6274,requests_chrome_ua,2026-04-24T23:06:09.256753+00:00
onyx,True,200,3927,requests_chrome_ua,2026-04-24T23:05:53.431546+00:00
radmate-ai,,,0,requests_chrome_ua,2026-04-24T23:06:10.566065+00:00
scritch,True,200,8538,requests_chrome_ua,2026-04-24T23:06:13.761796+00:00
ego,True,200,1977,requests_chrome_ua,2026-04-24T23:06:16.191132+00:00
purplepages,False,200,0,requests_chrome_ua,2026-04-24T23:06:16.930233+00:00
ubicloud,True,200,3584,requests_chrome_ua,2026-04-24T23:06:18.058113+00:00
gumloop,False,200,5220,requests_chrome_ua,2026-04-24T23:05:58.712089+00:00
stitch-technologies,,,0,requests_chrome_ua,2026-04-24T23:06:16.506238+00:00
ion-design,True,200,8044,requests_chrome_ua,2026-04-24T23:06:19.381606+00:00
duckie,True,200,4924,requests_chrome_ua,2026-04-24T23:06:19.080985+00:00
maihem,True,200,11942,requests_chrome_ua,2026-04-24T23:06:20.177833+00:00
sonia,False,200,0,requests_chrome_ua,2026-04-24T23:06:22.852109+00:00
tracecat,True,200,6944,requests_chrome_ua,2026-04-24T23:06:23.452844+00:00
precip,True,200,2088,requests_chrome_ua,2026-04-24T23:06:24.562933+00:00
andon-labs,True,200,2930,requests_chrome_ua,2026-04-24T23:06:28.475502+00:00
tuesday-lab,True,200,391,requests_chrome_ua,2026-04-24T23:06:30.245838+00:00
momentic,True,200,6868,requests_chrome_ua,2026-04-24T23:06:29.829312+00:00
legora,True,200,6529,requests_chrome_ua,2026-04-24T23:06:14.374104+00:00
greptile,True,200,7411,requests_chrome_ua,2026-04-24T23:06:16.971149+00:00
tile,,,0,requests_chrome_ua,2026-04-24T23:06:33.546695+00:00
happenstance,True,200,4597,requests_chrome_ua,2026-04-24T23:06:18.935190+00:00
quary,,,0,requests_chrome_ua,2026-04-24T23:06:36.673663+00:00
lumen-payments,True,200,4378,requests_chrome_ua,2026-04-24T23:06:41.069022+00:00
nuanced,True,200,588,requests_chrome_ua,2026-04-24T23:06:25.976900+00:00
kabilah,True,200,8098,requests_chrome_ua,2026-04-24T23:06:23.220333+00:00
malibou,True,200,4800,requests_chrome_ua,2026-04-24T23:06:39.643673+00:00
ncompass-technologies,False,200,0,requests_chrome_ua,2026-04-24T23:06:44.476185+00:00
argon-ai-inc,True,200,1632,requests_chrome_ua,2026-04-24T23:06:44.681332+00:00
alex-com,True,200,6790,requests_chrome_ua,2026-04-24T23:06:40.361679+00:00
maia,True,200,5863,requests_chrome_ua,2026-04-24T23:06:27.451534+00:00
reducto,True,200,12029,requests_chrome_ua,2026-04-24T23:06:29.163743+00:00
garage-2,True,200,5956,requests_chrome_ua,2026-04-24T23:06:48.740247+00:00
buster,False,200,164,requests_chrome_ua,2026-04-24T23:06:49.097636+00:00
mango-health,,,0,requests_chrome_ua,2026-04-24T23:06:48.230830+00:00
dgi-apparel,False,200,46,requests_chrome_ua,2026-04-24T23:06:49.124642+00:00
fractal-labs,False,200,38,requests_chrome_ua,2026-04-24T23:06:53.877033+00:00
aidy,True,200,2663,requests_chrome_ua,2026-04-24T23:06:53.141287+00:00
newton,True,200,12210,requests_chrome_ua,2026-04-24T23:06:35.277682+00:00
leaping,False,404,83,requests_chrome_ua,2026-04-24T23:06:55.763370+00:00
basalt,True,200,817,requests_chrome_ua,2026-04-24T23:06:55.318728+00:00
carousel-technologies,False,200,0,requests_chrome_ua,2026-04-24T23:06:54.817500+00:00
mathdash,False,200,0,requests_chrome_ua,2026-04-24T23:06:56.044528+00:00
assembly-2,True,200,12367,requests_chrome_ua,2026-04-24T23:06:57.434558+00:00
agentic-labs-2,True,200,684,requests_chrome_ua,2026-04-24T23:06:54.171386+00:00
arini,True,200,7242,requests_chrome_ua,2026-04-24T23:07:05.578297+00:00
pointone,True,200,28892,requests_chrome_ua,2026-04-24T23:07:03.798502+00:00
paradigm,False,200,0,requests_chrome_ua,2026-04-24T23:07:05.559635+00:00
octolane-ai,True,200,6745,requests_chrome_ua,2026-04-24T23:07:07.503437+00:00
furtherai,True,200,11596,requests_chrome_ua,2026-04-24T23:07:05.589333+00:00
roe,True,200,9463,requests_chrome_ua,2026-04-24T23:07:06.874288+00:00
suretynow,True,200,5524,requests_chrome_ua,2026-04-24T23:07:07.409893+00:00
pivot-robotics,True,200,2741,requests_chrome_ua,2026-04-24T23:06:53.830378+00:00
artisan,True,200,6038,requests_chrome_ua,2026-04-24T23:07:12.036190+00:00
eggnog,False,200,46,requests_chrome_ua,2026-04-24T23:07:12.572919+00:00
ecliptor,False,200,0,requests_chrome_ua,2026-04-24T23:07:14.132566+00:00
verse-therapy,False,200,238,requests_chrome_ua,2026-04-24T23:07:15.109260+00:00
trellis-ai,True,200,4194,requests_chrome_ua,2026-04-24T23:07:14.219796+00:00
topo,True,200,12968,requests_chrome_ua,2026-04-24T23:07:14.514883+00:00
tokenowl,True,200,478,requests_chrome_ua,2026-04-24T23:07:15.196644+00:00
yoneda-labs,True,200,1951,requests_chrome_ua,2026-04-24T23:07:18.803717+00:00
synsorybio,False,200,145,requests_chrome_ua,2026-04-24T23:07:19.239364+00:00
blume-benefits,True,200,1658,requests_chrome_ua,2026-04-24T23:07:19.576824+00:00
copper-health,True,200,1488,requests_chrome_ua,2026-04-24T23:07:19.425116+00:00
atopile,True,200,477,requests_chrome_ua,2026-04-24T23:07:19.577419+00:00
tusk,True,200,3899,requests_chrome_ua,2026-04-24T23:07:20.519106+00:00
engines,False,200,233,requests_chrome_ua,2026-04-24T23:07:25.314894+00:00
partnerhq,,,0,requests_chrome_ua,2026-04-24T23:07:20.277161+00:00
lucite,False,200,46,requests_chrome_ua,2026-04-24T23:07:28.347378+00:00
selera-medical,False,200,81,requests_chrome_ua,2026-04-24T23:07:27.715180+00:00
attunement,True,200,1473,requests_chrome_ua,2026-04-24T23:07:28.982995+00:00
onegrep,,,0,requests_chrome_ua,2026-04-24T23:07:25.447407+00:00
cloudcruise,True,200,14422,requests_chrome_ua,2026-04-24T23:07:29.859986+00:00
glimmer,False,404,83,requests_chrome_ua,2026-04-24T23:07:31.578544+00:00
starjar,,,0,requests_chrome_ua,2026-04-24T23:07:30.306226+00:00
meticulate,True,200,10183,requests_chrome_ua,2026-04-24T23:07:30.503039+00:00
celest,False,200,2684,requests_chrome_ua,2026-04-24T23:07:31.373793+00:00
greenboard,True,200,5729,requests_chrome_ua,2026-04-24T23:07:12.918607+00:00
promptarmor,True,200,9866,requests_chrome_ua,2026-04-24T23:07:33.143293+00:00
zaymo,True,200,3661,requests_chrome_ua,2026-04-24T23:07:33.035329+00:00
omniai,True,200,8280,requests_chrome_ua,2026-04-24T23:07:35.906500+00:00
guide-labs,True,200,865,requests_chrome_ua,2026-04-24T23:07:37.036613+00:00
speck,True,200,4821,requests_chrome_ua,2026-04-24T23:07:37.090875+00:00
keywords-ai,True,200,8157,requests_chrome_ua,2026-04-24T23:07:34.810063+00:00
cpgscout,True,200,4610,requests_chrome_ua,2026-04-24T23:07:42.821493+00:00
decipher-ai,True,200,14043,requests_chrome_ua,2026-04-24T23:07:41.088258+00:00
consul,True,200,6595,requests_chrome_ua,2026-04-24T23:07:43.473727+00:00
clarion,True,200,4567,requests_chrome_ua,2026-04-24T23:07:44.187308+00:00
14-ai,False,200,1271,requests_chrome_ua,2026-04-24T23:07:50.998806+00:00
inquery-2,True,200,9009,requests_chrome_ua,2026-04-24T23:07:51.115685+00:00
trypillar,True,200,6837,requests_chrome_ua,2026-04-24T23:07:37.618113+00:00
infinity,True,200,10300,requests_chrome_ua,2026-04-24T23:07:52.630000+00:00
pandasai,False,200,0,requests_chrome_ua,2026-04-24T23:07:56.488593+00:00
tamarind-bio,True,200,6698,requests_chrome_ua,2026-04-24T23:07:45.786780+00:00
toolify,False,200,0,requests_chrome_ua,2026-04-24T23:07:41.703106+00:00
vibrant-labs,True,200,2311,requests_chrome_ua,2026-04-24T23:07:59.577684+00:00
parallel,True,200,1803,requests_chrome_ua,2026-04-24T23:08:00.279006+00:00
aether,True,200,4928,requests_chrome_ua,2026-04-24T23:08:03.278142+00:00
firebender,False,200,0,requests_chrome_ua,2026-04-24T23:08:04.754802+00:00
sync-2,True,200,1916,requests_chrome_ua,2026-04-24T23:07:57.853650+00:00
lemonslice,False,200,21,requests_chrome_ua,2026-04-24T23:07:40.575671+00:00
avery,True,200,4981,requests_chrome_ua,2026-04-24T23:07:03.111746+00:00
crmcopilot,False,404,101,requests_chrome_ua,2026-04-24T23:08:05.836392+00:00
phospho,True,200,1390,requests_chrome_ua,2026-04-24T23:08:06.008471+00:00
resonance,True,200,1421,requests_chrome_ua,2026-04-24T23:08:05.510226+00:00
centralize,True,200,11685,requests_chrome_ua,2026-04-24T23:08:07.968641+00:00
open,True,200,6463,requests_chrome_ua,2026-04-24T23:08:09.577370+00:00
salvy,True,200,7808,requests_chrome_ua,2026-04-24T23:08:09.215690+00:00
solari-ai,False,200,358,requests_chrome_ua,2026-04-24T23:08:10.468460+00:00
pythagora,True,200,158153,requests_chrome_ua,2026-04-24T23:08:10.054984+00:00
aedilic,,,0,requests_chrome_ua,2026-04-24T23:08:09.338934+00:00
wuri,,,0,requests_chrome_ua,2026-04-24T23:08:09.879685+00:00
ellipsis,True,200,4744,requests_chrome_ua,2026-04-24T23:08:11.468890+00:00
browser-buddy,False,404,104,requests_chrome_ua,2026-04-24T23:08:16.776243+00:00
metofico,True,200,4000,requests_chrome_ua,2026-04-24T23:08:16.235216+00:00
draftaid,True,200,5563,requests_chrome_ua,2026-04-24T23:08:16.406924+00:00
sagaland,False,200,0,requests_chrome_ua,2026-04-24T23:08:18.153437+00:00
codeant-ai,True,200,5169,requests_chrome_ua,2026-04-24T23:08:16.407765+00:00
superagent,True,200,1967,requests_chrome_ua,2026-04-24T23:08:20.091168+00:00
carma,True,200,8317,requests_chrome_ua,2026-04-24T23:08:23.377351+00:00
toma,True,200,7302,requests_chrome_ua,2026-04-24T23:08:23.880946+00:00
bilanc,False,200,0,requests_chrome_ua,2026-04-24T23:08:19.925257+00:00
preloop,,,0,requests_chrome_ua,2026-04-24T23:08:21.686132+00:00
tensorfuse,True,200,38074,requests_chrome_ua,2026-04-24T23:08:24.127795+00:00
soundry-ai,True,200,718,requests_chrome_ua,2026-04-24T23:08:28.929807+00:00
conduit-ai,True,200,7293,requests_chrome_ua,2026-04-24T23:08:26.388850+00:00
aftercare,True,200,4015,requests_chrome_ua,2026-04-24T23:08:29.317429+00:00
astro-mechanica,True,200,1045,requests_chrome_ua,2026-04-24T23:08:16.531485+00:00
shiboleth,True,200,3579,requests_chrome_ua,2026-04-24T23:08:30.038512+00:00
hazel-2,True,200,2649,requests_chrome_ua,2026-04-24T23:08:30.855817+00:00
dime-2,True,200,2740,requests_chrome_ua,2026-04-24T23:08:10.804736+00:00
offdeal,True,200,2926,requests_chrome_ua,2026-04-24T23:08:33.165112+00:00
abel,False,200,84,requests_chrome_ua,2026-04-24T23:08:33.214613+00:00
edgetrace,True,200,2152,requests_chrome_ua,2026-04-24T23:08:38.782492+00:00
manifold-freight,True,200,1405,requests_chrome_ua,2026-04-24T23:08:39.476938+00:00
opencall-ai,True,200,7148,requests_chrome_ua,2026-04-24T23:08:34.588227+00:00
elodin,True,200,5532,requests_chrome_ua,2026-04-24T23:08:27.378597+00:00
prosights,True,200,2155,requests_chrome_ua,2026-04-24T23:08:43.840197+00:00
chunkr,False,200,0,requests_chrome_ua,2026-04-24T23:08:46.100704+00:00
raindrop,True,200,9746,requests_chrome_ua,2026-04-24T23:08:50.122796+00:00
andy-ai,True,200,1780,requests_chrome_ua,2026-04-24T23:08:32.483280+00:00
voicepanel,True,200,4841,requests_chrome_ua,2026-04-24T23:08:33.850638+00:00
heartbyte,False,200,0,requests_chrome_ua,2026-04-24T23:08:54.278790+00:00
delve,True,200,9689,requests_chrome_ua,2026-04-24T23:08:32.935157+00:00
clarum,True,200,1200,requests_chrome_ua,2026-04-24T23:08:37.170823+00:00
risotto,True,200,13905,requests_chrome_ua,2026-04-24T23:08:55.628308+00:00
centauri-ai,True,200,4381,requests_chrome_ua,2026-04-24T23:08:45.330353+00:00
dianahr,True,200,21877,requests_chrome_ua,2026-04-24T23:08:55.083964+00:00
justai,True,200,14887,requests_chrome_ua,2026-04-24T23:08:59.314609+00:00
circleback,True,200,4694,requests_chrome_ua,2026-04-24T23:08:59.398354+00:00
model-ml,True,200,32416,requests_chrome_ua,2026-04-24T23:09:01.696671+00:00
oma-care,False,200,255,requests_chrome_ua,2026-04-24T23:09:05.396628+00:00
betterbasket,True,200,4203,requests_chrome_ua,2026-04-24T23:09:01.064277+00:00
artos,True,200,11348,requests_chrome_ua,2026-04-24T23:09:03.620026+00:00
cleva,True,200,1058,requests_chrome_ua,2026-04-24T23:09:07.219945+00:00
patchwork,,,0,requests_chrome_ua,2026-04-24T23:07:03.286601+00:00
focal,True,200,2976,requests_chrome_ua,2026-04-24T23:09:09.096927+00:00
brainbase-labs,False,200,0,requests_chrome_ua,2026-04-24T23:09:09.563812+00:00
lumetric,True,200,1169,requests_chrome_ua,2026-04-24T23:09:10.266398+00:00
givefront,True,200,5655,requests_chrome_ua,2026-04-24T23:09:09.055235+00:00
sample,True,200,6505,requests_chrome_ua,2026-04-24T23:09:10.155787+00:00
yondu,True,200,3852,requests_chrome_ua,2026-04-24T23:08:53.423384+00:00
deep24,,,0,requests_chrome_ua,2026-04-24T23:09:16.845959+00:00
alai,True,200,18919,requests_chrome_ua,2026-04-24T23:09:11.658478+00:00
bitesight,True,200,527,requests_chrome_ua,2026-04-24T23:09:19.180664+00:00
openmart,True,200,24254,requests_chrome_ua,2026-04-24T23:09:18.759148+00:00
zep-ai,True,200,10029,requests_chrome_ua,2026-04-24T23:09:18.900949+00:00
sonauto,True,200,1368,requests_chrome_ua,2026-04-24T23:09:19.485926+00:00
hatchet-run,True,200,5900,requests_chrome_ua,2026-04-24T23:09:25.588825+00:00
downlink,True,200,2257,requests_chrome_ua,2026-04-24T23:09:27.337415+00:00
stacksync,True,200,23525,requests_chrome_ua,2026-04-24T23:09:26.202140+00:00
terrakotta,True,200,2868,requests_chrome_ua,2026-04-24T23:09:27.011198+00:00
shepherd-2,False,200,46,requests_chrome_ua,2026-04-24T23:09:24.779995+00:00
triply,False,200,0,requests_chrome_ua,2026-04-24T23:09:17.502099+00:00
spark,True,200,6339,requests_chrome_ua,2026-04-24T23:09:29.785457+00:00
thorntale,True,200,3461,requests_chrome_ua,2026-04-24T23:09:16.044456+00:00
adapted,False,200,81,requests_chrome_ua,2026-04-24T23:09:36.285112+00:00
velorum-therapeutics,True,200,1500,requests_chrome_ua,2026-04-24T23:09:19.060537+00:00
vista-power,True,200,4500,requests_chrome_ua,2026-04-24T23:09:36.626491+00:00
ocular-ai,True,200,2916,requests_chrome_ua,2026-04-24T23:09:35.611740+00:00
retell-ai,True,200,15155,requests_chrome_ua,2026-04-24T23:09:35.333331+00:00
rove,True,200,6103,requests_chrome_ua,2026-04-24T23:09:33.309278+00:00
xpay,True,200,18913,requests_chrome_ua,2026-04-24T23:09:43.043995+00:00
basepilot,True,200,7577,requests_chrome_ua,2026-04-24T23:09:44.719365+00:00
aqua-voice,True,200,16093,requests_chrome_ua,2026-04-24T23:09:44.493776+00:00
fluently,True,200,4755,requests_chrome_ua,2026-04-24T23:09:44.919067+00:00
miden,True,200,2540,requests_chrome_ua,2026-04-24T23:09:45.089066+00:00
veles,True,200,6640,requests_chrome_ua,2026-04-24T23:09:45.241794+00:00
marblism,True,200,8669,requests_chrome_ua,2026-04-24T23:09:50.233938+00:00
commodityai,True,200,4016,requests_chrome_ua,2026-04-24T23:09:49.869463+00:00
lumona,False,404,104,requests_chrome_ua,2026-04-24T23:09:50.795775+00:00
datacurve,True,200,6226,requests_chrome_ua,2026-04-24T23:09:50.776897+00:00
camelai,True,200,8252,requests_chrome_ua,2026-04-24T23:09:30.770313+00:00
ryse,True,200,11350,requests_chrome_ua,2026-04-24T23:09:51.945133+00:00
magic-hour,True,200,12180,requests_chrome_ua,2026-04-24T23:09:53.076189+00:00
arcane,True,200,425,requests_chrome_ua,2026-04-24T23:09:54.876073+00:00
polar,True,200,11574,requests_chrome_ua,2026-04-24T23:09:55.422830+00:00
penciled,True,200,13231,requests_chrome_ua,2026-04-24T23:09:54.875695+00:00
openfoundry,True,200,1391,requests_chrome_ua,2026-04-24T23:09:56.724465+00:00
eris-biotech,True,200,676,requests_chrome_ua,2026-04-24T23:09:57.236897+00:00
senso,True,200,6162,requests_chrome_ua,2026-04-24T23:09:58.058159+00:00
oddsview,False,402,75,requests_chrome_ua,2026-04-24T23:10:02.370589+00:00
junction-bioscience,False,404,153,requests_chrome_ua,2026-04-24T23:10:02.588044+00:00
powder,True,200,31028,requests_chrome_ua,2026-04-24T23:09:57.204853+00:00
fileforge,True,200,2611,requests_chrome_ua,2026-04-24T23:09:43.572540+00:00
deepnight,True,200,1535,requests_chrome_ua,2026-04-24T23:09:39.753746+00:00
piramidal,True,200,604,requests_chrome_ua,2026-04-24T23:10:04.384748+00:00
reform,True,200,9477,requests_chrome_ua,2026-04-24T23:10:04.462021+00:00
cocrafter,True,200,3909,requests_chrome_ua,2026-04-24T23:10:04.850743+00:00
haplotype-labs,True,200,338,requests_chrome_ua,2026-04-24T23:10:06.869727+00:00
trueclaim,True,200,3226,requests_chrome_ua,2026-04-24T23:10:06.202315+00:00
healia,True,200,5257,requests_chrome_ua,2026-04-24T23:10:06.621384+00:00
granza-bio,True,200,604,requests_chrome_ua,2026-04-24T23:10:07.220714+00:00
integuru,True,200,6915,requests_chrome_ua,2026-04-24T23:10:07.570558+00:00
voxops-ai,False,404,61,requests_chrome_ua,2026-04-24T23:10:07.358131+00:00
forge,True,200,2823,requests_chrome_ua,2026-04-24T23:10:09.657480+00:00
renderlet,True,200,1798,requests_chrome_ua,2026-04-24T23:10:11.461186+00:00
fume,True,200,4620,requests_chrome_ua,2026-04-24T23:10:11.222327+00:00
mathos,True,200,2795,requests_chrome_ua,2026-04-24T23:10:14.893576+00:00
tower,True,200,3750,requests_chrome_ua,2026-04-24T23:10:14.164172+00:00
quivr,,,0,requests_chrome_ua,2026-04-24T23:10:14.034700+00:00
silogy,True,200,2176,requests_chrome_ua,2026-04-24T23:10:01.557349+00:00
inspectmind-ai,False,200,11,requests_chrome_ua,2026-04-24T23:10:22.836641+00:00
crowdvolt,True,200,2102,requests_chrome_ua,2026-04-24T23:10:18.254417+00:00
reprompt,True,200,3451,requests_chrome_ua,2026-04-24T23:10:24.160392+00:00
the-new-money-company,True,200,3445,requests_chrome_ua,2026-04-24T23:10:09.882317+00:00
nowhouse,True,200,1943,requests_chrome_ua,2026-04-24T23:10:30.794674+00:00
dragoneye,True,200,1747,requests_chrome_ua,2026-04-24T23:10:11.830889+00:00
same,False,200,0,requests_chrome_ua,2026-04-24T23:10:30.928513+00:00
retailready,True,200,1379,requests_chrome_ua,2026-04-24T23:10:32.878558+00:00
getcrux,True,200,6095,requests_chrome_ua,2026-04-24T23:10:30.012788+00:00
trieve,,,0,requests_chrome_ua,2026-04-24T23:08:24.204673+00:00
kater-ai,True,200,8818,requests_chrome_ua,2026-04-24T23:10:17.240854+00:00
yarn-2,False,200,3676,requests_chrome_ua,2026-04-24T23:10:21.611341+00:00
dropback,True,200,3613,requests_chrome_ua,2026-04-24T23:10:36.586794+00:00
marr-labs,True,200,5054,requests_chrome_ua,2026-04-24T23:10:37.279458+00:00
forge-rewards,True,200,4903,requests_chrome_ua,2026-04-24T23:10:36.894119+00:00
indemni,True,200,7659,requests_chrome_ua,2026-04-24T23:10:37.897258+00:00
blacksmith,False,200,4732,requests_chrome_ua,2026-04-24T23:10:18.549709+00:00
k-scale-labs,,,0,requests_chrome_ua,2026-04-24T23:10:37.729230+00:00
parcelbio,False,200,144,requests_chrome_ua,2026-04-24T23:10:37.882388+00:00
egress-health,True,200,358,requests_chrome_ua,2026-04-24T23:10:38.643997+00:00
exin-therapeutics,True,200,783,requests_chrome_ua,2026-04-24T23:10:45.156061+00:00
uncommon-therapeutics,True,200,892,requests_chrome_ua,2026-04-24T23:10:44.792050+00:00
overstand-labs,True,200,7736,requests_chrome_ua,2026-04-24T23:10:39.056149+00:00
invo,True,200,1179,requests_chrome_ua,2026-04-24T23:10:45.713336+00:00
delineate,False,200,0,requests_chrome_ua,2026-04-24T23:10:45.712719+00:00
onlook,True,200,12952,requests_chrome_ua,2026-04-24T23:10:45.713103+00:00
youshift,False,200,46,requests_chrome_ua,2026-04-24T23:10:44.692915+00:00
quantstruct,True,200,3167,requests_chrome_ua,2026-04-24T23:10:46.855192+00:00
edexia,True,200,6286,requests_chrome_ua,2026-04-24T23:10:47.135437+00:00
enhanced-radar,True,200,1352,requests_chrome_ua,2026-04-24T23:10:48.746112+00:00
candor,False,402,75,requests_chrome_ua,2026-04-24T23:10:52.962854+00:00
bild-ai,True,200,2032,requests_chrome_ua,2026-04-24T23:10:52.759980+00:00
trace,True,200,4171,requests_chrome_ua,2026-04-24T23:10:52.491480+00:00
vetnio,True,200,5861,requests_chrome_ua,2026-04-24T23:10:54.104413+00:00
steinmetz,False,200,4502,requests_chrome_ua,2026-04-24T23:11:07.036151+00:00
subimage,True,200,8915,requests_chrome_ua,2026-04-24T23:11:06.400814+00:00
tweeksio,True,200,19147,requests_chrome_ua,2026-04-24T23:10:59.602713+00:00
hey-telo,True,200,8595,requests_chrome_ua,2026-04-24T23:11:03.594905+00:00
flowtel,False,200,0,requests_chrome_ua,2026-04-24T23:10:56.318812+00:00
splash-inc,True,200,2600,requests_chrome_ua,2026-04-24T23:11:12.586585+00:00
revise-robotics,False,200,0,requests_chrome_ua,2026-04-24T23:10:52.432750+00:00
orchids,True,200,1454,requests_chrome_ua,2026-04-24T23:11:12.098795+00:00
dollyglot,True,200,2858,requests_chrome_ua,2026-04-24T23:11:17.006839+00:00
awen,True,200,9387,requests_chrome_ua,2026-04-24T23:11:18.101277+00:00
dartboard-energy,True,200,2638,requests_chrome_ua,2026-04-24T23:11:19.371027+00:00
karoo,True,200,1368,requests_chrome_ua,2026-04-24T23:11:19.240292+00:00
excellence-learning,True,200,3993,requests_chrome_ua,2026-04-24T23:10:59.702624+00:00
leaping-ai,True,200,7808,requests_chrome_ua,2026-04-24T23:10:55.310276+00:00
vocality-health,False,200,0,requests_chrome_ua,2026-04-24T23:11:22.444305+00:00
promptless,True,200,4815,requests_chrome_ua,2026-04-24T23:11:23.411915+00:00
scout-4,True,200,3031,requests_chrome_ua,2026-04-24T23:11:23.378245+00:00
astro,False,200,0,requests_chrome_ua,2026-04-24T23:11:20.164817+00:00
closure,True,200,4216,requests_chrome_ua,2026-04-24T23:11:27.994497+00:00
axiom,False,403,41,requests_chrome_ua,2026-04-24T23:11:07.705156+00:00
superglue,True,200,7126,requests_chrome_ua,2026-04-24T23:11:30.049381+00:00
stamp,True,200,3942,requests_chrome_ua,2026-04-24T23:11:13.658397+00:00
praxim,False,200,0,requests_chrome_ua,2026-04-24T23:10:59.741395+00:00
conntour,True,200,4195,requests_chrome_ua,2026-04-24T23:11:29.974660+00:00
ovlo,True,200,3196,requests_chrome_ua,2026-04-24T23:11:31.016366+00:00
contrario,True,200,5911,requests_chrome_ua,2026-04-24T23:11:32.538608+00:00
sublingual,False,200,70,requests_chrome_ua,2026-04-24T23:11:33.469196+00:00
rocketable,False,200,0,requests_chrome_ua,2026-04-24T23:11:34.262169+00:00
verbiflow,True,200,3382,requests_chrome_ua,2026-04-24T23:11:35.041036+00:00
alice-tech,True,200,6183,requests_chrome_ua,2026-04-24T23:11:14.221632+00:00
altrina,True,200,11106,requests_chrome_ua,2026-04-24T23:11:36.383224+00:00
maritime-fusion,True,200,4489,requests_chrome_ua,2026-04-24T23:11:37.219308+00:00
toothy-ai,False,200,0,requests_chrome_ua,2026-04-24T23:11:34.262631+00:00
a0-dev,True,200,4185,requests_chrome_ua,2026-04-24T23:11:37.115336+00:00
trava,True,200,12455,requests_chrome_ua,2026-04-24T23:11:38.273526+00:00
tejas-ai,False,200,0,requests_chrome_ua,2026-04-24T23:11:38.297595+00:00
weave-3,True,200,7017,requests_chrome_ua,2026-04-24T23:11:41.899905+00:00
salespatriot,True,200,4681,requests_chrome_ua,2026-04-24T23:11:43.108511+00:00
caseflood-ai,False,200,0,requests_chrome_ua,2026-04-24T23:11:41.464478+00:00
carecycle,True,200,3542,requests_chrome_ua,2026-04-24T23:11:44.202628+00:00
subtrace,False,200,0,requests_chrome_ua,2026-04-24T23:11:23.143497+00:00
deployparagon,True,200,987,requests_chrome_ua,2026-04-24T23:11:44.038332+00:00
inversion-semiconductor,True,200,1853,requests_chrome_ua,2026-04-24T23:11:47.179061+00:00
truffle-ai,False,200,0,requests_chrome_ua,2026-04-24T23:11:30.182229+00:00
amby-health,True,200,4355,requests_chrome_ua,2026-04-24T23:11:51.078897+00:00
trim,True,200,1231,requests_chrome_ua,2026-04-24T23:11:51.008603+00:00
rally-3,True,200,11209,requests_chrome_ua,2026-04-24T23:11:48.565148+00:00
cardamon,True,200,15893,requests_chrome_ua,2026-04-24T23:11:51.567036+00:00
oki,True,200,2235,requests_chrome_ua,2026-04-24T23:11:56.010594+00:00
maive,True,200,2089,requests_chrome_ua,2026-04-24T23:11:42.785660+00:00
mosaic-2,False,200,0,requests_chrome_ua,2026-04-24T23:11:56.322003+00:00
cifrato,True,200,4291,requests_chrome_ua,2026-04-24T23:11:56.197674+00:00
zeroentropy,True,200,8650,requests_chrome_ua,2026-04-24T23:11:55.786002+00:00
swerve,False,200,546,requests_chrome_ua,2026-04-24T23:11:57.998700+00:00
bezel,True,200,2980,requests_chrome_ua,2026-04-24T23:11:52.069143+00:00
operand,False,200,0,requests_chrome_ua,2026-04-24T23:12:03.423148+00:00
gradewiz,False,200,46,requests_chrome_ua,2026-04-24T23:12:03.728222+00:00
cuckoo-labs,True,200,3843,requests_chrome_ua,2026-04-24T23:12:03.902726+00:00
adam,True,200,5884,requests_chrome_ua,2026-04-24T23:11:47.589588+00:00
finbar,True,200,3171,requests_chrome_ua,2026-04-24T23:12:05.507998+00:00
tergle,True,200,2932,requests_chrome_ua,2026-04-24T23:11:50.427142+00:00
olive,False,200,103,requests_chrome_ua,2026-04-24T23:12:09.905001+00:00
pax-markets,True,200,4680,requests_chrome_ua,2026-04-24T23:12:10.613740+00:00
osmosis,True,200,3591,requests_chrome_ua,2026-04-24T23:12:03.289076+00:00
hud,True,200,2760,requests_chrome_ua,2026-04-24T23:12:09.639323+00:00
pave-robotics,True,200,704,requests_chrome_ua,2026-04-24T23:12:13.885088+00:00
asteroid,True,200,5391,requests_chrome_ua,2026-04-24T23:12:17.006836+00:00
mecha-health,True,200,3853,requests_chrome_ua,2026-04-24T23:12:03.843979+00:00
lucid,True,200,308,requests_chrome_ua,2026-04-24T23:12:19.154633+00:00
macadamia,True,200,1415,requests_chrome_ua,2026-04-24T23:12:18.570697+00:00
pickle-2,True,200,1171,requests_chrome_ua,2026-04-24T23:12:19.981393+00:00
healthkey,True,200,2229,requests_chrome_ua,2026-04-24T23:12:03.624672+00:00
bindwell,True,200,2805,requests_chrome_ua,2026-04-24T23:12:20.928783+00:00
stillwind,True,200,2001,requests_chrome_ua,2026-04-24T23:12:24.048047+00:00
lopus-ai,True,200,11347,requests_chrome_ua,2026-04-24T23:12:26.607541+00:00
g-lnk,True,200,7888,requests_chrome_ua,2026-04-24T23:12:28.779302+00:00
cenote,False,200,0,requests_chrome_ua,2026-04-24T23:12:26.529718+00:00
mundo-ai,False,200,46,requests_chrome_ua,2026-04-24T23:12:29.402158+00:00
gale,False,200,92,requests_chrome_ua,2026-04-24T23:12:15.223376+00:00
lucidic-ai,True,200,13110,requests_chrome_ua,2026-04-24T23:12:34.612430+00:00
trata,True,200,11378,requests_chrome_ua,2026-04-24T23:12:43.304856+00:00
solidroad,True,200,3463,requests_chrome_ua,2026-04-24T23:12:44.111413+00:00
haleum,False,200,3574,requests_chrome_ua,2026-04-24T23:12:40.284842+00:00
rejot,True,200,6081,requests_chrome_ua,2026-04-24T23:12:45.278398+00:00
harbera,True,200,5095,requests_chrome_ua,2026-04-24T23:12:25.889262+00:00
agentin-ai,True,200,3789,requests_chrome_ua,2026-04-24T23:12:47.383785+00:00
strike,False,200,0,requests_chrome_ua,2026-04-24T23:12:28.599901+00:00
waypoint-transit,True,200,2399,requests_chrome_ua,2026-04-24T23:12:53.209847+00:00
exla,False,200,46,requests_chrome_ua,2026-04-24T23:12:54.255356+00:00
bystreet,True,200,4206,requests_chrome_ua,2026-04-24T23:12:51.178033+00:00
athenahq,True,200,16835,requests_chrome_ua,2026-04-24T23:12:27.568683+00:00
karsa,True,200,2506,requests_chrome_ua,2026-04-24T23:12:55.232316+00:00
confident-ai,True,200,9506,requests_chrome_ua,2026-04-24T23:12:54.220160+00:00
nitrode,True,200,3301,requests_chrome_ua,2026-04-24T23:12:55.914668+00:00
general-trajectory,False,200,0,requests_chrome_ua,2026-04-24T23:12:44.183473+00:00
tire-swing,True,200,5473,requests_chrome_ua,2026-04-24T23:13:02.742356+00:00
outlit,True,200,4288,requests_chrome_ua,2026-04-24T23:13:02.845637+00:00
mesh-2,True,200,7396,requests_chrome_ua,2026-04-24T23:13:03.136613+00:00
sennu-ai,False,200,0,requests_chrome_ua,2026-04-24T23:13:05.840019+00:00
harper,True,200,8499,requests_chrome_ua,2026-04-24T23:13:02.741449+00:00
a1base,True,200,354,requests_chrome_ua,2026-04-24T23:11:36.103934+00:00
openintake,False,200,46,requests_chrome_ua,2026-04-24T23:13:10.136368+00:00
artificial-societies,False,200,0,requests_chrome_ua,2026-04-24T23:13:11.356462+00:00
infinite,True,200,5753,requests_chrome_ua,2026-04-24T23:13:09.815941+00:00
peppr-ai,False,200,0,requests_chrome_ua,2026-04-24T23:13:10.135774+00:00
calltree,True,200,3015,requests_chrome_ua,2026-04-24T23:13:02.135607+00:00
fuseai,True,200,6604,requests_chrome_ua,2026-04-24T23:13:13.096393+00:00
riviera,True,200,10742,requests_chrome_ua,2026-04-24T23:12:53.924183+00:00
afterquery,True,200,4005,requests_chrome_ua,2026-04-24T23:13:15.349677+00:00
mastra,True,200,4019,requests_chrome_ua,2026-04-24T23:13:17.655408+00:00
forge-automation,False,200,0,requests_chrome_ua,2026-04-24T23:13:17.787680+00:00
archon,False,200,0,requests_chrome_ua,2026-04-24T23:13:19.673798+00:00
orbital-operations,True,200,1391,requests_chrome_ua,2026-04-24T23:13:03.381305+00:00
pinch,True,200,2944,requests_chrome_ua,2026-04-24T23:13:20.597003+00:00
optifye-ai,True,200,9958,requests_chrome_ua,2026-04-24T23:13:20.915690+00:00
retrofit,False,200,10,requests_chrome_ua,2026-04-24T23:13:20.270067+00:00
wildcard,True,200,8608,requests_chrome_ua,2026-04-24T23:13:26.435497+00:00
reditus-space,True,200,6826,requests_chrome_ua,2026-04-24T23:13:24.466195+00:00
corsair,True,200,1758,requests_chrome_ua,2026-04-24T23:13:26.941473+00:00
spott,True,200,6492,requests_chrome_ua,2026-04-24T23:13:27.297780+00:00
woz,True,200,5690,requests_chrome_ua,2026-04-24T23:13:27.159303+00:00
proception-inc,True,200,696,requests_chrome_ua,2026-04-24T23:13:27.084834+00:00
permitify,True,200,3798,requests_chrome_ua,2026-04-24T23:13:24.900332+00:00
roark,True,200,4837,requests_chrome_ua,2026-04-24T23:13:33.750471+00:00
tensorpool,False,200,0,requests_chrome_ua,2026-04-24T23:13:33.861407+00:00
butter,False,200,229,requests_chrome_ua,2026-04-24T23:13:34.277200+00:00
miyagi-labs,True,200,3559,requests_chrome_ua,2026-04-24T23:13:11.802324+00:00
rebolt,False,200,0,requests_chrome_ua,2026-04-24T23:13:27.400268+00:00
bluebook,True,200,13024,requests_chrome_ua,2026-04-24T23:13:34.076833+00:00
paratus-health,True,200,4503,requests_chrome_ua,2026-04-24T23:13:34.404920+00:00
copycat,False,200,0,requests_chrome_ua,2026-04-24T23:13:34.428993+00:00
misprint,True,200,12173,requests_chrome_ua,2026-04-24T23:13:13.386128+00:00
ergo,True,200,5420,requests_chrome_ua,2026-04-24T23:13:41.268398+00:00
dalus,False,200,4493,requests_chrome_ua,2026-04-24T23:13:33.860269+00:00
lightbox,False,404,104,requests_chrome_ua,2026-04-24T23:13:41.936287+00:00
browser-use,True,200,1362,requests_chrome_ua,2026-04-24T23:13:41.630832+00:00
tamlabs,False,200,206,requests_chrome_ua,2026-04-24T23:13:41.305086+00:00
mercura,True,200,9664,requests_chrome_ua,2026-04-24T23:13:42.095639+00:00
instinct,True,200,599,requests_chrome_ua,2026-04-24T23:13:42.504553+00:00
trycandid,False,404,104,requests_chrome_ua,2026-04-24T23:13:44.413673+00:00
sammy-labs,False,200,52,requests_chrome_ua,2026-04-24T23:13:42.915549+00:00
cedar,,,0,requests_chrome_ua,2026-04-24T23:13:41.707901+00:00
axal,True,200,5716,requests_chrome_ua,2026-04-24T23:13:47.575115+00:00
vantel,True,200,16045,requests_chrome_ua,2026-04-24T23:13:48.110866+00:00
fira,True,200,3939,requests_chrome_ua,2026-04-24T23:13:47.992879+00:00
trainloop,True,200,6439,requests_chrome_ua,2026-04-24T23:13:46.544918+00:00
assistant-ui,True,200,2942,requests_chrome_ua,2026-04-24T23:13:47.760084+00:00
mentra,True,200,6791,requests_chrome_ua,2026-04-24T23:13:48.262040+00:00
blindpay,True,200,3811,requests_chrome_ua,2026-04-24T23:13:48.260999+00:00
artifact-2,True,200,4106,requests_chrome_ua,2026-04-24T23:13:47.691239+00:00
thirdlayer,True,200,5202,requests_chrome_ua,2026-04-24T23:13:46.619129+00:00
red-barn-robotics,True,200,6784,requests_chrome_ua,2026-04-24T23:13:50.594604+00:00
