slug,source_A_live,source_B_live,source_C_live,shuttered_v2,shuttered_v2_confidence,sources_n_live,sources_n_dead,sources_n_null
variant,False,True,,ambiguous,none,1,1,1
clarus,True,True,,live,low,2,0,1
zeroframe,True,False,,ambiguous,none,1,1,1
riveter-ai,True,True,,live,low,2,0,1
galini,False,True,,ambiguous,none,1,1,1
avora,True,True,,live,low,2,0,1
telli,True,True,,live,low,2,0,1
symphony,True,True,,live,low,2,0,1
streamable,True,True,,live,low,2,0,1
crouton,False,True,False,shuttered,low,1,2,0
durate,True,True,,live,low,2,0,1
gait,,False,,no_label,none,0,1,2
moonset-health,True,True,,live,low,2,0,1
candle,True,True,True,live,high,3,0,0
getcho,True,True,,live,low,2,0,1
darkgrade,False,True,,ambiguous,none,1,1,1
openfunnel,True,True,True,live,high,3,0,0
healthspark,True,True,,live,low,2,0,1
rulebase,True,True,True,live,high,3,0,0
afternoon-co,True,True,True,live,high,3,0,0
lightscreen-ai,True,True,,live,low,2,0,1
raycaster,True,True,,live,low,2,0,1
supercontrast,False,False,,shuttered,low,0,2,1
revyl,True,True,True,live,high,3,0,0
vortexifyai,True,True,,live,low,2,0,1
vespper,True,True,,live,low,2,0,1
sandra-ai,False,True,,ambiguous,none,1,1,1
archil,False,True,,ambiguous,none,1,1,1
cekura-ai,True,True,,live,low,2,0,1
cosmic-new,False,True,,ambiguous,none,1,1,1
astrix-health,True,True,,live,low,2,0,1
reticular,True,True,,live,low,2,0,1
smooth,True,True,,live,low,2,0,1
attimet,True,True,,live,low,2,0,1
issen,True,True,,live,low,2,0,1
revisiondojo,True,True,,live,low,2,0,1
ctgt,True,True,True,live,high,3,0,0
riskcube,True,True,,live,low,2,0,1
keye,True,True,,live,low,2,0,1
luthor,True,True,,live,low,2,0,1
sphinx,True,True,,live,low,2,0,1
lingodotdev,True,True,,live,low,2,0,1
karmen,True,True,,live,low,2,0,1
codebuff,True,True,,live,low,2,0,1
hybrd,True,True,,live,low,2,0,1
withcharm,False,True,,ambiguous,none,1,1,1
unusual,True,True,,live,low,2,0,1
platus,True,True,,live,low,2,0,1
stewdio,True,True,,live,low,2,0,1
pearson-labs,True,True,,live,low,2,0,1
vly-ai-2,True,True,,live,low,2,0,1
tiny,False,True,,ambiguous,none,1,1,1
crustdata,True,True,,live,low,2,0,1
autocomputer,False,True,,ambiguous,none,1,1,1
moonshine,True,True,,live,low,2,0,1
dexter,True,True,,live,low,2,0,1
curo,True,True,,live,low,2,0,1
gecko-security,True,True,True,live,high,3,0,0
permitportal,True,True,True,live,high,3,0,0
fresco,False,True,,ambiguous,none,1,1,1
origami-2,True,True,,live,low,2,0,1
collectwise,True,True,,live,low,2,0,1
consus,False,True,,ambiguous,none,1,1,1
capy,True,True,,live,low,2,0,1
innate,False,True,,ambiguous,none,1,1,1
gander,False,True,True,live,low,2,1,0
alex,True,True,,live,low,2,0,1
browserbook,False,True,,ambiguous,none,1,1,1
diffusion-studio,True,True,,live,low,2,0,1
metreecs,True,True,True,live,high,3,0,0
revi,True,True,,live,low,2,0,1
archilabs,True,True,,live,low,2,0,1
sunset,True,True,,live,low,2,0,1
surge,True,True,,live,low,2,0,1
edgedive,True,True,,live,low,2,0,1
futureclinic,True,True,,live,low,2,0,1
forerunner-ai,False,True,,ambiguous,none,1,1,1
x1,True,True,,live,low,2,0,1
vaya,False,True,,ambiguous,none,1,1,1
melder,True,True,,live,low,2,0,1
ryvn,True,True,True,live,high,3,0,0
sre-ai,True,True,,live,low,2,0,1
friday,True,True,,live,low,2,0,1
relvy-ai,False,True,,ambiguous,none,1,1,1
ember,True,True,,live,low,2,0,1
canvas,True,True,,live,low,2,0,1
careforce,True,True,,live,low,2,0,1
synth-3,True,True,,live,low,2,0,1
roundabout-technologies,False,True,,ambiguous,none,1,1,1
loombotic,True,True,True,live,high,3,0,0
humanlayer,True,True,,live,low,2,0,1
apolink,True,True,,live,low,2,0,1
asha-health,True,True,True,live,high,3,0,0
openbuilder,True,True,,live,low,2,0,1
goldbridge,False,True,,ambiguous,none,1,1,1
piggy-robotics,False,True,,ambiguous,none,1,1,1
fifth-door,False,True,,ambiguous,none,1,1,1
autonomous-technologies-group,True,True,,live,low,2,0,1
prox,True,True,,live,low,2,0,1
parametric,False,True,True,live,low,2,1,0
null-labs,True,True,,live,low,2,0,1
nori,True,True,,live,low,2,0,1
fernstone,True,True,,live,low,2,0,1
mixy,False,True,,ambiguous,none,1,1,1
digipals,False,True,,ambiguous,none,1,1,1
efference,True,True,,live,low,2,0,1
lapis,True,True,,live,low,2,0,1
semiotic,False,True,,ambiguous,none,1,1,1
remedy,True,True,True,live,high,3,0,0
brickanta,True,True,,live,low,2,0,1
aircaps,True,True,,live,low,2,0,1
uplane,True,True,True,live,high,3,0,0
structured-ai,True,True,,live,low,2,0,1
parse-bot,False,True,,ambiguous,none,1,1,1
brickwise,False,True,,ambiguous,none,1,1,1
parrot,False,True,,ambiguous,none,1,1,1
movedot,True,True,,live,low,2,0,1
zavo,True,True,,live,low,2,0,1
sylvian,False,True,,ambiguous,none,1,1,1
gpt,True,True,,live,low,2,0,1
bolna-ai,True,True,,live,low,2,0,1
hyperspell,True,True,,live,low,2,0,1
scoop,True,True,,live,low,2,0,1
aspect-inc,False,True,,ambiguous,none,1,1,1
deeptrace,True,True,,live,low,2,0,1
locus,True,True,,live,low,2,0,1
alt-x,False,True,,ambiguous,none,1,1,1
caddy,True,True,,live,low,2,0,1
sorce,False,True,,ambiguous,none,1,1,1
the-context-company,True,True,,live,low,2,0,1
dari,False,True,,ambiguous,none,1,1,1
lunavo,True,True,,live,low,2,0,1
norra,True,True,,live,low,2,0,1
kaigo-health,True,True,,live,low,2,0,1
koyal,False,True,,ambiguous,none,1,1,1
playvision,True,True,,live,low,2,0,1
iriscal,True,True,,live,low,2,0,1
veria-labs,True,True,True,live,high,3,0,0
questom,True,True,,live,low,2,0,1
cranston-ai,True,True,,live,low,2,0,1
hypercubic,True,True,,live,low,2,0,1
nessie,False,True,,ambiguous,none,1,1,1
wardstone,True,True,,live,low,2,0,1
atlasgrid,False,True,,ambiguous,none,1,1,1
hillclimb,True,True,,live,low,2,0,1
flick,False,True,,ambiguous,none,1,1,1
semble-ai,False,True,,ambiguous,none,1,1,1
mod-ai,True,True,,live,low,2,0,1
sellraze,False,True,True,live,low,2,1,0
lakonia,False,True,True,live,low,2,1,0
nivara,False,True,,ambiguous,none,1,1,1
answerthis,True,True,,live,low,2,0,1
sf-tensor,True,True,,live,low,2,0,1
unsiloed-ai,True,True,,live,low,2,0,1
allus-ai,True,True,,live,low,2,0,1
multifactor,True,True,True,live,high,3,0,0
sciloop,True,True,,live,low,2,0,1
logosguard,True,True,,live,low,2,0,1
kestrel-ai,True,True,,live,low,2,0,1
tensr,False,True,,ambiguous,none,1,1,1
agentic-fabriq,False,True,,ambiguous,none,1,1,1
logical,False,True,,ambiguous,none,1,1,1
aleph-lab,True,True,,live,low,2,0,1
articulate,True,True,,live,low,2,0,1
redapto,True,True,,live,low,2,0,1
captain,False,True,,ambiguous,none,1,1,1
sunflower,True,True,,live,low,2,0,1
rovr,True,True,,live,low,2,0,1
bravi,True,True,,live,low,2,0,1
complydo,True,True,,live,low,2,0,1
codyco,True,True,True,live,high,3,0,0
lexi,True,True,True,live,high,3,0,0
compyle,True,True,True,live,high,3,0,0
selfin,False,True,,ambiguous,none,1,1,1
casey,False,True,True,live,low,2,1,0
play-health,True,True,,live,low,2,0,1
thesis,True,True,,live,low,2,0,1
inspector,True,True,,live,low,2,0,1
cortex-ai,True,True,,live,low,2,0,1
pixley-ai,False,True,,ambiguous,none,1,1,1
leadbay,True,True,True,live,high,3,0,0
nucleo,True,True,True,live,high,3,0,0
tornyol,False,True,,ambiguous,none,1,1,1
s2-dev,True,True,,live,low,2,0,1
patent-watch,True,True,,live,low,2,0,1
anto-biosciences,True,True,,live,low,2,0,1
imagine-ai,True,True,True,live,high,3,0,0
expected-parrot,False,True,True,live,low,2,1,0
everest,False,True,True,live,low,2,1,0
scott-ai,True,True,,live,low,2,0,1
aside,True,True,,live,low,2,0,1
hireglide,False,True,,ambiguous,none,1,1,1
zalos,True,True,,live,low,2,0,1
sourcebot,True,True,,live,low,2,0,1
spatial-ai,False,True,,ambiguous,none,1,1,1
lua-global-inc,True,True,,live,low,2,0,1
crunched,False,True,,ambiguous,none,1,1,1
usenarrative,False,True,,ambiguous,none,1,1,1
primer,False,True,,ambiguous,none,1,1,1
specific,True,True,True,live,high,3,0,0
automax-ai,True,True,,live,low,2,0,1
clad-labs,True,True,,live,low,2,0,1
absurd,False,True,,ambiguous,none,1,1,1
kalpa-labs,True,True,,live,low,2,0,1
metorial,True,True,,live,low,2,0,1
arcten,True,True,,live,low,2,0,1
denki,False,True,,ambiguous,none,1,1,1
savahq,False,True,,ambiguous,none,1,1,1
icarus,True,True,,live,low,2,0,1
karumi,True,True,,live,low,2,0,1
mantle,True,True,,live,low,2,0,1
uselemma,True,True,True,live,high,3,0,0
exonic,False,True,,ambiguous,none,1,1,1
jarmin,True,True,True,live,high,3,0,0
castari,True,True,,live,low,2,0,1
rovi-health,False,True,True,live,low,2,1,0
miniswap,True,True,,live,low,2,0,1
freeport-markets,True,True,,live,low,2,0,1
boom-ai,True,True,True,live,high,3,0,0
telemetron-ai,True,True,,live,low,2,0,1
the-hog,True,True,,live,low,2,0,1
lightberry,True,True,True,live,high,3,0,0
bluma,True,True,True,live,high,3,0,0
forge-robotics,True,True,True,live,high,3,0,0
amera,True,True,True,live,high,3,0,0
diligencesquared-inc,True,True,,live,low,2,0,1
velvet,True,True,,live,low,2,0,1
axial-composites-industries,False,True,,ambiguous,none,1,1,1
lunabill,True,True,True,live,high,3,0,0
claybird,False,True,,ambiguous,none,1,1,1
fastshot,True,True,,live,low,2,0,1
clicks,True,True,,live,low,2,0,1
dome,False,True,True,live,low,2,1,0
markit,False,True,,ambiguous,none,1,1,1
zarna,True,True,,live,low,2,0,1
moss,True,True,,live,low,2,0,1
bear,True,True,True,live,high,3,0,0
fixpoint,True,True,,live,low,2,0,1
openroll,True,True,,live,low,2,0,1
rivet-design,False,True,True,live,low,2,1,0
item,True,True,,live,low,2,0,1
mayflower,True,True,True,live,high,3,0,0
zephyr-fusion,True,True,,live,low,2,0,1
jsx-tool,False,True,True,live,low,2,1,0
leeroo,False,True,,ambiguous,none,1,1,1
atum-works,False,True,,ambiguous,none,1,1,1
willow,True,True,,live,low,2,0,1
aviro,True,True,,live,low,2,0,1
partcl,False,True,,ambiguous,none,1,1,1
opine,False,True,,ambiguous,none,1,1,1
atlog,True,True,,live,low,2,0,1
blaxel,True,True,,live,low,2,0,1
qfex,False,True,True,live,low,2,1,0
chestnut,True,True,,live,low,2,0,1
frekil,True,True,,live,low,2,0,1
plexe,True,True,,live,low,2,0,1
kashikoi,True,True,,live,low,2,0,1
aravolta,True,True,,live,low,2,0,1
vybe,True,True,,live,low,2,0,1
nao-labs,True,True,,live,low,2,0,1
bitboard,False,True,True,live,low,2,1,0
golf,True,True,True,live,high,3,0,0
notus-autonomous-systems,False,True,,ambiguous,none,1,1,1
cubic,True,True,,live,low,2,0,1
bloom-4,True,True,,live,low,2,0,1
avallon-ai,True,True,,live,low,2,0,1
groundcontrol,True,True,,live,low,2,0,1
kanava-ai,False,False,,shuttered,low,0,2,1
minerva,False,True,,ambiguous,none,1,1,1
cua,True,True,,live,low,2,0,1
synthiolabs,True,True,,live,low,2,0,1
galen-ai,True,True,,live,low,2,0,1
neoncoral,False,True,True,live,low,2,1,0
auctor,True,True,,live,low,2,0,1
ralo,False,True,,ambiguous,none,1,1,1
acolite,True,True,,live,low,2,0,1
capacitive,False,True,,ambiguous,none,1,1,1
claim-health,True,True,True,live,high,3,0,0
almond-2,False,True,,ambiguous,none,1,1,1
chonkie,True,True,,live,low,2,0,1
helixdb,True,True,,live,low,2,0,1
the-robot-learning-company,True,True,,live,low,2,0,1
zeon-systems,True,True,,live,low,2,0,1
dolphin,True,True,,live,low,2,0,1
kaelio,True,True,,live,low,2,0,1
beluga,True,True,True,live,high,3,0,0
clarm,True,True,,live,low,2,0,1
sim,True,True,,live,low,2,0,1
stratify,True,True,,live,low,2,0,1
youlearn,True,True,True,live,high,3,0,0
typeos,True,True,,live,low,2,0,1
percival,True,True,,live,low,2,0,1
mbodi-ai,True,True,,live,low,2,0,1
kirana-ai,,True,,no_label,none,1,0,2
caucus,True,False,,ambiguous,none,1,1,1
pgdog,True,True,,live,low,2,0,1
attune,False,True,True,live,low,2,1,0
kestral,False,True,,ambiguous,none,1,1,1
bluejay,True,True,,live,low,2,0,1
better-auth,True,True,,live,low,2,0,1
parsewise,True,True,,live,low,2,0,1
refresh,True,True,,live,low,2,0,1
the-llm-data-company,True,True,True,live,high,3,0,0
tinfoil,True,True,,live,low,2,0,1
trapeze,True,True,,live,low,2,0,1
jeevy-fabrication,True,True,True,live,high,3,0,0
chiron,False,True,,ambiguous,none,1,1,1
voiceos,True,True,,live,low,2,0,1
combinely,True,True,,live,low,2,0,1
clado,True,True,,live,low,2,0,1
tegore,False,True,,ambiguous,none,1,1,1
sixtyfour,True,True,,live,low,2,0,1
photonium,False,True,,ambiguous,none,1,1,1
labric,True,True,,live,low,2,0,1
opusense-ai,True,True,,live,low,2,0,1
clidey,False,True,,ambiguous,none,1,1,1
habit,True,True,True,live,high,3,0,0
kaizen,True,True,True,live,high,3,0,0
ticket-wallet,True,True,,live,low,2,0,1
runrl,False,True,,ambiguous,none,1,1,1
morphik,True,True,True,live,high,3,0,0
nomi,True,True,True,live,high,3,0,0
casco,True,True,,live,low,2,0,1
crimson,True,True,,live,low,2,0,1
flott-hq,True,True,,live,low,2,0,1
lucis,True,True,,live,low,2,0,1
throxy,True,True,,live,low,2,0,1
cleon,,True,True,live,low,2,0,1
lyrahq,True,True,,live,low,2,0,1
theta,True,True,True,live,high,3,0,0
novoflow,True,True,,live,low,2,0,1
prism,True,True,,live,low,2,0,1
qualgent,True,True,,live,low,2,0,1
human-behavior,True,True,True,live,high,3,0,0
alkali,True,True,,live,low,2,0,1
besimple-ai,True,True,,live,low,2,0,1
jazzberry,False,True,,ambiguous,none,1,1,1
powermatrix,True,True,,live,low,2,0,1
vesence,True,True,,live,low,2,0,1
third-chair,True,True,,live,low,2,0,1
klavis-ai,True,True,,live,low,2,0,1
paraquery,True,True,,live,low,2,0,1
sygaldry-technologies,True,True,True,live,high,3,0,0
boost-robotics,False,True,True,live,low,2,1,0
vassar-robotics,False,True,True,live,low,2,1,0
morphoai,False,True,,ambiguous,none,1,1,1
eloquent-ai,True,True,,live,low,2,0,1
scalar-field,False,True,,ambiguous,none,1,1,1
saffron-health,False,True,,ambiguous,none,1,1,1
bramante-biologics,False,True,,ambiguous,none,1,1,1
valuemate,True,True,True,live,high,3,0,0
zero,False,True,True,live,low,2,1,0
hemut,False,True,True,live,low,2,1,0
janus,True,True,True,live,high,3,0,0
relixir,True,True,,live,low,2,0,1
mesmer,True,True,,live,low,2,0,1
lapel,True,True,,live,low,2,0,1
chrt,True,True,,live,low,2,0,1
mindfort,True,True,True,live,high,3,0,0
probo,True,True,True,live,high,3,0,0
adentris,True,True,True,live,high,3,0,0
rimba,True,True,True,live,high,3,0,0
moby-analytics,False,True,True,live,low,2,1,0
nimbic-ai,,True,True,live,low,2,0,1
delty,True,True,,live,low,2,0,1
cotool,True,True,,live,low,2,0,1
propolis,False,True,,ambiguous,none,1,1,1
den,True,True,True,live,high,3,0,0
mlop,False,True,,ambiguous,none,1,1,1
lumari,True,True,,live,low,2,0,1
code-four,True,True,,live,low,2,0,1
linewise,True,True,,live,low,2,0,1
oncactus,True,True,,live,low,2,0,1
wavedash,True,True,,live,low,2,0,1
starsling,True,True,True,live,high,3,0,0
text-ai,True,True,,live,low,2,0,1
theorem-2,False,True,True,live,low,2,1,0
airweave,True,True,,live,low,2,0,1
sieveai,False,True,True,live,low,2,1,0
blueshoe,True,True,True,live,high,3,0,0
bond,True,True,True,live,high,3,0,0
cascade-space,True,True,True,live,high,3,0,0
aegis,True,True,,live,low,2,0,1
bitpatrol,False,True,,ambiguous,none,1,1,1
godela,True,True,,live,low,2,0,1
foundation-industries,True,True,,live,low,2,0,1
sureform,True,True,True,live,high,3,0,0
docket,True,True,,live,low,2,0,1
cohesive,True,True,,live,low,2,0,1
poka-labs,True,True,True,live,high,3,0,0
simplex,True,True,True,live,high,3,0,0
central,True,True,,live,low,2,0,1
fuse-2,True,True,,live,low,2,0,1
overeasy,,True,True,live,low,2,0,1
acx,True,True,True,live,high,3,0,0
ligo-biosciences,True,True,,live,low,2,0,1
spur,True,True,,live,low,2,0,1
evolvere-biosciences,False,True,,ambiguous,none,1,1,1
coval,False,True,,ambiguous,none,1,1,1
angstrom-ai,True,True,,live,low,2,0,1
ultra,True,True,True,live,high,3,0,0
abel-police,True,True,True,live,high,3,0,0
roger-2,True,True,True,live,high,3,0,0
miru-ml,False,True,,ambiguous,none,1,1,1
spherecast,True,True,,live,low,2,0,1
apten,True,True,True,live,high,3,0,0
domu-technology-inc,True,True,True,live,high,3,0,0
undermind,True,True,,live,low,2,0,1
superunit,True,True,,live,low,2,0,1
doublezero,,True,,no_label,none,1,0,2
understood-care,True,True,,live,low,2,0,1
cheers,True,True,,live,low,2,0,1
mem0,True,True,,live,low,2,0,1
glasskube,True,True,True,live,high,3,0,0
saphira-ai,True,True,,live,low,2,0,1
theseus,True,True,,live,low,2,0,1
synnax,True,True,,live,low,2,0,1
comfy-deploy,True,True,,live,low,2,0,1
spaceium-inc,False,True,,ambiguous,none,1,1,1
educato,True,True,,live,low,2,0,1
prohostai,True,True,True,live,high,3,0,0
pre,True,True,True,live,high,3,0,0
hamming-ai,True,True,,live,low,2,0,1
mdhub,True,True,True,live,high,3,0,0
claimsorted,True,True,,live,low,2,0,1
entangl,True,True,True,live,high,3,0,0
codes-health,True,True,True,live,high,3,0,0
unsloth-ai,False,True,True,live,low,2,1,0
random-labs,False,True,,ambiguous,none,1,1,1
digitalcarbon,True,True,,live,low,2,0,1
bayesline,False,True,,ambiguous,none,1,1,1
flyflow,,False,,no_label,none,0,1,2
callback,True,True,,live,low,2,0,1
tabula,False,True,True,live,low,2,1,0
invaria,False,False,,shuttered,low,0,2,1
stack-auth,True,True,True,live,high,3,0,0
sagecare,True,True,True,live,high,3,0,0
videogen,True,True,True,live,high,3,0,0
phonely,True,True,True,live,high,3,0,0
corgi-insurance,True,True,,live,low,2,0,1
maitai,True,True,True,live,high,3,0,0
wordware,True,True,,live,low,2,0,1
sorcerer,True,True,,live,low,2,0,1
firstwork,True,True,,live,low,2,0,1
ideate-xyz,False,True,True,live,low,2,1,0
stardrift,True,True,True,live,high,3,0,0
decisional-ai,True,True,True,live,high,3,0,0
azalea-robotics-corporation,True,True,True,live,high,3,0,0
retrofix,True,True,,live,low,2,0,1
unbound,True,True,,live,low,2,0,1
hyrex,True,True,,live,low,2,0,1
silurian,True,True,,live,low,2,0,1
networkocean,True,True,,live,low,2,0,1
cloudglue,True,True,True,live,high,3,0,0
rewbi,True,True,,live,low,2,0,1
proxis,True,True,,live,low,2,0,1
zuni,True,True,,live,low,2,0,1
scape,False,True,,ambiguous,none,1,1,1
deepsim-inc,True,True,,live,low,2,0,1
storia-ai,False,True,,ambiguous,none,1,1,1
offstream,True,True,,live,low,2,0,1
elevate-2,True,True,True,live,high,3,0,0
lucible,True,True,True,live,high,3,0,0
dodo,False,True,,ambiguous,none,1,1,1
ares-industries,True,True,,live,low,2,0,1
runlocal-ai,True,True,,live,low,2,0,1
codeviz,True,True,,live,low,2,0,1
parahelp,True,True,,live,low,2,0,1
joinlore,True,True,,live,low,2,0,1
snowpilot,False,True,True,live,low,2,1,0
minusx,True,True,,live,low,2,0,1
camfer,True,True,,live,low,2,0,1
tivara,True,True,,live,low,2,0,1
kenley,True,True,,live,low,2,0,1
tandem-2,True,True,True,live,high,3,0,0
weave-robotics,True,True,,live,low,2,0,1
gauge,True,True,,live,low,2,0,1
aminoanalytica,True,True,,live,low,2,0,1
dench-com,True,True,True,live,high,3,0,0
autopallet-robotics,True,True,True,live,high,3,0,0
pulse-3,True,True,True,live,high,3,0,0
plume,True,True,,live,low,2,0,1
ledgerup,True,True,True,live,high,3,0,0
dmodel,True,True,,live,low,2,0,1
modus,True,True,,live,low,2,0,1
lighthouz-ai,True,True,True,live,high,3,0,0
mito-health,True,True,True,live,high,3,0,0
the-synthesis-company,True,True,,live,low,2,0,1
substrate,True,True,,live,low,2,0,1
taxgpt,True,True,,live,low,2,0,1
fazeshift,True,True,True,live,high,3,0,0
benchify,True,True,,live,low,2,0,1
anthrogen,True,True,,live,low,2,0,1
kopra-bio,False,True,,ambiguous,none,1,1,1
kastle,True,True,True,live,high,3,0,0
creativemode,True,True,,live,low,2,0,1
conveo,True,True,,live,low,2,0,1
manaflow,False,True,,ambiguous,none,1,1,1
panora,True,True,True,live,high,3,0,0
aluna,False,True,True,live,low,2,1,0
ontra-mobility,True,True,,live,low,2,0,1
promi,True,True,,live,low,2,0,1
expand-ai,True,True,,live,low,2,0,1
clearly-ai,True,True,,live,low,2,0,1
saturn,True,True,True,live,high,3,0,0
zoa-research,True,True,,live,low,2,0,1
reactwise,True,True,,live,low,2,0,1
1849-bio,True,True,,live,low,2,0,1
vibe,False,True,,ambiguous,none,1,1,1
finny-ai,True,True,,live,low,2,0,1
magicode,,True,,no_label,none,1,0,2
hestus-inc,True,True,,live,low,2,0,1
anara,True,True,,live,low,2,0,1
planbase,False,True,,ambiguous,none,1,1,1
redouble-ai,False,True,,ambiguous,none,1,1,1
dimely,True,True,True,live,high,3,0,0
lumenary,,True,False,ambiguous,none,1,1,1
drillbit,True,True,,live,low,2,0,1
deepsilicon,False,False,,shuttered,low,0,2,1
seals-ai,False,True,,ambiguous,none,1,1,1
biocartesian,True,True,,live,low,2,0,1
winfunc,True,True,,live,low,2,0,1
opslane,True,True,,live,low,2,0,1
autumn-labs,True,True,,live,low,2,0,1
conductor-quantum,True,True,,live,low,2,0,1
pax,True,True,True,live,high,3,0,0
stempad,True,True,,live,low,2,0,1
beebettor,,True,,no_label,none,1,0,2
david-ai,True,True,True,live,high,3,0,0
mage-legal,False,True,,ambiguous,none,1,1,1
distro,True,True,,live,low,2,0,1
remade,True,True,,live,low,2,0,1
zeit-ai,True,True,,live,low,2,0,1
emergent,True,True,,live,low,2,0,1
kura-ai,False,True,,ambiguous,none,1,1,1
thunder-compute,True,True,,live,low,2,0,1
ember-robotics,True,True,,live,low,2,0,1
pinnacle,True,True,,live,low,2,0,1
intryc,True,True,,live,low,2,0,1
parley,True,True,,live,low,2,0,1
soff,True,True,,live,low,2,0,1
mineflow,True,True,,live,low,2,0,1
brighterway,False,True,True,live,low,2,1,0
schemeflow,False,True,,ambiguous,none,1,1,1
zettascale,True,True,,live,low,2,0,1
praxos,True,True,,live,low,2,0,1
the-forecasting-company,True,True,,live,low,2,0,1
presti-ai,True,True,,live,low,2,0,1
cerulion,True,True,,live,low,2,0,1
laminar,True,True,,live,low,2,0,1
guardian-rf,True,True,,live,low,2,0,1
sensei,True,True,True,live,high,3,0,0
simple-ai,True,True,,live,low,2,0,1
palmier,False,True,,ambiguous,none,1,1,1
lilac-labs,False,True,False,shuttered,low,1,2,0
refactor,True,True,True,live,high,3,0,0
paasa,True,True,,live,low,2,0,1
cartage,True,True,,live,low,2,0,1
sonatoria,False,True,True,live,low,2,1,0
riskangle,False,False,,shuttered,low,0,2,1
baseline-ai,False,True,True,live,low,2,1,0
odo,True,True,,live,low,2,0,1
finosu,True,True,True,live,high,3,0,0
haystack-software,False,True,,ambiguous,none,1,1,1
ai-2,True,True,True,live,high,3,0,0
helium,True,True,,live,low,2,0,1
heroui,True,True,True,live,high,3,0,0
rescript,False,True,True,live,low,2,1,0
ionworks,True,True,True,live,high,3,0,0
thyme,True,True,True,live,high,3,0,0
handled,False,True,,ambiguous,none,1,1,1
dataleap,True,True,,live,low,2,0,1
starcloud,True,True,,live,low,2,0,1
leviathan,False,True,,ambiguous,none,1,1,1
zeropath,True,True,True,live,high,3,0,0
argil,True,True,,live,low,2,0,1
vendra,False,True,,ambiguous,none,1,1,1
propaya,True,True,True,live,high,3,0,0
entropy,True,True,True,live,high,3,0,0
weel,False,True,True,live,low,2,1,0
kontigo,True,True,,live,low,2,0,1
polymet,True,True,,live,low,2,0,1
omnidock,False,True,,ambiguous,none,1,1,1
autarc,True,True,False,live,low,2,1,0
assembly-hoa,True,True,True,live,high,3,0,0
sepal-ai,True,True,,live,low,2,0,1
orcaengine,True,True,True,live,high,3,0,0
sterling-labs-inc,False,True,,ambiguous,none,1,1,1
moreta,True,True,,live,low,2,0,1
typa,True,True,,live,low,2,0,1
quetzal,True,True,,live,low,2,0,1
rastro,True,True,,live,low,2,0,1
voker,False,True,True,live,low,2,1,0
tradeflow,True,True,,live,low,2,0,1
rentflow,True,True,,live,low,2,0,1
pap,True,True,,live,low,2,0,1
blaze-2,True,True,True,live,high,3,0,0
elayne,True,True,True,live,high,3,0,0
oway,True,True,,live,low,2,0,1
bucket-robotics,False,True,,ambiguous,none,1,1,1
saldor,True,True,True,live,high,3,0,0
usul,True,True,,live,low,2,0,1
surebright,True,True,True,live,high,3,0,0
diode-computers-inc,True,True,True,live,high,3,0,0
dayflow,True,True,,live,low,2,0,1
terra-2,True,True,,live,low,2,0,1
keet,True,True,,live,low,2,0,1
et-al,True,True,True,live,high,3,0,0
pharos,False,True,,ambiguous,none,1,1,1
vera-health,True,True,False,live,low,2,1,0
pipeshift,True,True,True,live,high,3,0,0
rowboat-labs,False,True,True,live,low,2,1,0
ficra,True,True,,live,low,2,0,1
hey-revia,True,True,True,live,high,3,0,0
henry-2,True,True,True,live,high,3,0,0
browseros,True,True,,live,low,2,0,1
xtraffic,True,True,,live,low,2,0,1
anglera,False,True,,ambiguous,none,1,1,1
void,True,True,,live,low,2,0,1
capitol-ai,True,True,,live,low,2,0,1
overlap,True,True,,live,low,2,0,1
formula-insight,False,True,False,shuttered,low,1,2,0
mica-ai,True,True,,live,low,2,0,1
village-labs,False,True,,ambiguous,none,1,1,1
patched,True,True,,live,low,2,0,1
orgorg,True,True,,live,low,2,0,1
affil-ai,True,True,,live,low,2,0,1
arva-ai,True,True,True,live,high,3,0,0
freestyle,True,True,,live,low,2,0,1
merlin-ai,True,True,True,live,high,3,0,0
simcare,True,True,,live,low,2,0,1
midship,True,True,True,live,high,3,0,0
bits-to-atoms,False,True,,ambiguous,none,1,1,1
pathpilot,True,True,,live,low,2,0,1
syntra,True,True,,live,low,2,0,1
conductor,True,True,,live,low,2,0,1
dreamrp,False,True,,ambiguous,none,1,1,1
outerport,True,True,,live,low,2,0,1
stormy-ai,True,True,True,live,high,3,0,0
autumn,True,True,,live,low,2,0,1
fluidize,True,True,,live,low,2,0,1
ambral,True,True,,live,low,2,0,1
wayline,True,True,,live,low,2,0,1
serafis,True,True,,live,low,2,0,1
nixo,True,True,,live,low,2,0,1
cactus,True,True,,live,low,2,0,1
synthetic-society,True,True,,live,low,2,0,1
rid,False,True,,ambiguous,none,1,1,1
pingo-ai,True,True,,live,low,2,0,1
adaptional,True,True,,live,low,2,0,1
getasap,False,True,,ambiguous,none,1,1,1
meteor,True,True,,live,low,2,0,1
closera,True,True,,live,low,2,0,1
dedalus-labs,True,True,,live,low,2,0,1
acrely,True,True,,live,low,2,0,1
the-prompting-company,True,True,,live,low,2,0,1
mangodesk,False,True,,ambiguous,none,1,1,1
halluminate,True,True,,live,low,2,0,1
traceroot-ai,False,True,True,live,low,2,1,0
agentmail,True,True,,live,low,2,0,1
truthsystems,True,True,,live,low,2,0,1
blank-bio,True,True,True,live,high,3,0,0
astor,True,True,,live,low,2,0,1
lanesurf,True,True,True,live,high,3,0,0
gitdot,True,True,,live,low,2,0,1
golpo,True,True,True,live,high,3,0,0
shor,False,True,True,live,low,2,1,0
pond,True,True,,live,low,2,0,1
liva-ai,False,True,,ambiguous,none,1,1,1
playgent,True,True,,live,low,2,0,1
verne-robotics,True,True,,live,low,2,0,1
zeroeval,True,True,,live,low,2,0,1
contextfort,True,True,,live,low,2,0,1
datafruit,True,True,,live,low,2,0,1
topological,True,True,True,live,high,3,0,0
lark,True,True,,live,low,2,0,1
bitrig,True,True,,live,low,2,0,1
effigov,True,True,,live,low,2,0,1
design-arena,True,True,,live,low,2,0,1
lotas,True,True,,live,low,2,0,1
monarcha,True,True,,live,low,2,0,1
overdrive-health,False,True,,ambiguous,none,1,1,1
orange-slice,True,True,True,live,high,3,0,0
nuntius,False,False,,shuttered,low,0,2,1
wafer,True,True,True,live,high,3,0,0
panels,True,True,True,live,high,3,0,0
qualify-bot,False,True,,ambiguous,none,1,1,1
cyberdesk,True,True,True,live,high,3,0,0
tryjanet,True,True,,live,low,2,0,1
lilac,False,True,,ambiguous,none,1,1,1
imprezia,True,True,,live,low,2,0,1
alter,True,True,,live,low,2,0,1
ondeck-ai,True,True,,live,low,2,0,1
skope,True,True,,live,low,2,0,1
frizzle,False,True,True,live,low,2,1,0
deepgrove,False,True,True,live,low,2,1,0
proliferate,True,True,,live,low,2,0,1
sagekit,False,True,,ambiguous,none,1,1,1
stockline,False,True,,ambiguous,none,1,1,1
deepaware-ai,True,True,,live,low,2,0,1
tesora,False,True,,ambiguous,none,1,1,1
kestroll,,True,,no_label,none,1,0,2
pangolin,True,True,,live,low,2,0,1
careswift,True,True,False,live,low,2,1,0
wedge,True,True,,live,low,2,0,1
slashy,False,True,True,live,low,2,1,0
cocreate,True,True,,live,low,2,0,1
agenthub-2,False,True,,ambiguous,none,1,1,1
nexa-labs,True,True,True,live,high,3,0,0
bootloop,True,True,,live,low,2,0,1
stellon-labs,False,True,True,live,low,2,1,0
kalinda,True,True,,live,low,2,0,1
parachute,True,True,True,live,high,3,0,0
louiza-labs,True,True,,live,low,2,0,1
doe,True,True,,live,low,2,0,1
ironledger-ai,True,True,,live,low,2,0,1
theinterface,True,True,True,live,high,3,0,0
trace-so,True,True,True,live,high,3,0,0
fulcrum,False,True,True,live,low,2,1,0
b12-labs,True,True,,live,low,2,0,1
flai,True,True,True,live,high,3,0,0
embedder,True,True,,live,low,2,0,1
candytrail,True,True,,live,low,2,0,1
epicenter,False,True,,ambiguous,none,1,1,1
channel3,True,True,,live,low,2,0,1
ghosteye,True,True,,live,low,2,0,1
normal,True,True,,live,low,2,0,1
comena,True,True,,live,low,2,0,1
vibeflow,True,True,,live,low,2,0,1
nozomio,False,True,,ambiguous,none,1,1,1
mimos,True,True,True,live,high,3,0,0
goriff,False,True,,ambiguous,none,1,1,1
albacore-inc,True,True,True,live,high,3,0,0
solva,True,True,True,live,high,3,0,0
phases,True,True,,live,low,2,0,1
perseus-defense,True,True,,live,low,2,0,1
novaflow,True,True,True,live,high,3,0,0
manufact,True,True,True,live,high,3,0,0
hyprnote,True,True,,live,low,2,0,1
relling,False,True,,ambiguous,none,1,1,1
motives,True,True,True,live,high,3,0,0
finto-de,True,True,,live,low,2,0,1
iron-grid,True,True,,live,low,2,0,1
april,True,True,True,live,high,3,0,0
autosana,False,True,,ambiguous,none,1,1,1
knowlify,True,True,False,live,low,2,1,0
omnara,False,True,True,live,low,2,1,0
risely-ai,True,True,,live,low,2,0,1
minimal-ai,True,True,True,live,high,3,0,0
socratix-ai,True,True,,live,low,2,0,1
alara,True,True,,live,low,2,0,1
floot,True,True,,live,low,2,0,1
idler,False,True,,ambiguous,none,1,1,1
palace,True,True,,live,low,2,0,1
humoniq,True,True,,live,low,2,0,1
nautilus,True,True,True,live,high,3,0,0
avelis-health,True,True,,live,low,2,0,1
pares-ai,True,True,True,live,high,3,0,0
altur,True,True,False,live,low,2,1,0
tryeden,True,True,,live,low,2,0,1
metis,True,True,True,live,high,3,0,0
f4,True,True,,live,low,2,0,1
sira,False,True,True,live,low,2,1,0
opennote,True,True,,live,low,2,0,1
sigmanticai,True,True,,live,low,2,0,1
convexia,True,True,,live,low,2,0,1
pleom,False,True,True,live,low,2,1,0
locata,True,True,,live,low,2,0,1
pally,True,True,True,live,high,3,0,0
notte,True,True,True,live,high,3,0,0
hera-video,True,True,,live,low,2,0,1
certus-ai,True,True,,live,low,2,0,1
reacher,True,True,,live,low,2,0,1
kernel,False,True,,ambiguous,none,1,1,1
dscribe-ai,True,True,,live,low,2,0,1
okibi,False,True,True,live,low,2,1,0
juxta,True,True,,live,low,2,0,1
flywheel-ai,True,True,,live,low,2,0,1
stagewise,True,True,,live,low,2,0,1
clodo,True,True,,live,low,2,0,1
fleetline,False,True,,ambiguous,none,1,1,1
magnetic,True,True,,live,low,2,0,1
modelence,True,True,,live,low,2,0,1
perspectives-health,True,True,,live,low,2,0,1
duranium,True,True,,live,low,2,0,1
tectoai,True,True,,live,low,2,0,1
rowflow,True,True,,live,low,2,0,1
munify,True,True,,live,low,2,0,1
interfere,True,True,,live,low,2,0,1
spotlight-realty,True,True,,live,low,2,0,1
geo-ai,True,True,,live,low,2,0,1
vulcan-technologies,True,True,,live,low,2,0,1
noso-labs,False,True,True,live,low,2,1,0
outrove,True,True,True,live,high,3,0,0
veritus,True,True,,live,low,2,0,1
ruvo,True,True,True,live,high,3,0,0
avent,True,True,,live,low,2,0,1
burnt,True,True,,live,low,2,0,1
freya,True,True,,live,low,2,0,1
luminal,True,True,,live,low,2,0,1
realroots,True,True,,live,low,2,0,1
uplift-ai,True,True,,live,low,2,0,1
paloma,False,True,,ambiguous,none,1,1,1
blue,True,True,,live,low,2,0,1
nox-metals,True,True,,live,low,2,0,1
f2,True,True,,live,low,2,0,1
governgpt,True,True,,live,low,2,0,1
yenmo,True,True,,live,low,2,0,1
jo,True,True,,live,low,2,0,1
onyx,True,True,True,live,high,3,0,0
lantern-2,True,False,,ambiguous,none,1,1,1
driver,True,True,True,live,high,3,0,0
gumloop,False,True,,ambiguous,none,1,1,1
event-horizon-labs,True,True,True,live,high,3,0,0
upsolve-ai,True,True,,live,low,2,0,1
navier-ai,False,True,True,live,low,2,1,0
drymerge,True,True,True,live,high,3,0,0
relari,True,True,,live,low,2,0,1
tesseral,True,True,,live,low,2,0,1
radmate-ai,,False,,no_label,none,0,1,2
scritch,True,True,True,live,high,3,0,0
legora,True,True,,live,low,2,0,1
ego,True,True,,live,low,2,0,1
stitch-technologies,,False,,no_label,none,0,1,2
purplepages,False,True,,ambiguous,none,1,1,1
greptile,True,True,,live,low,2,0,1
ubicloud,True,True,,live,low,2,0,1
happenstance,True,True,,live,low,2,0,1
duckie,True,True,True,live,high,3,0,0
ion-design,True,True,,live,low,2,0,1
maihem,True,True,,live,low,2,0,1
sonia,False,True,True,live,low,2,1,0
kabilah,True,True,,live,low,2,0,1
tracecat,True,True,,live,low,2,0,1
precip,True,True,True,live,high,3,0,0
nuanced,True,True,True,live,high,3,0,0
maia,True,True,,live,low,2,0,1
andon-labs,True,True,,live,low,2,0,1
reducto,True,True,,live,low,2,0,1
momentic,True,True,,live,low,2,0,1
tuesday-lab,True,True,,live,low,2,0,1
tile,,True,,no_label,none,1,0,2
newton,True,True,True,live,high,3,0,0
quary,,False,False,shuttered,low,0,2,1
malibou,True,True,False,live,low,2,1,0
alex-com,True,True,True,live,high,3,0,0
lumen-payments,True,True,,live,low,2,0,1
ncompass-technologies,False,True,,ambiguous,none,1,1,1
argon-ai-inc,True,True,,live,low,2,0,1
mango-health,,False,False,shuttered,low,0,2,1
garage-2,True,True,,live,low,2,0,1
buster,False,True,,ambiguous,none,1,1,1
dgi-apparel,False,False,,shuttered,low,0,2,1
aidy,True,True,,live,low,2,0,1
pivot-robotics,True,True,True,live,high,3,0,0
fractal-labs,False,True,,ambiguous,none,1,1,1
agentic-labs-2,True,True,,live,low,2,0,1
carousel-technologies,False,True,,ambiguous,none,1,1,1
basalt,True,True,,live,low,2,0,1
leaping,False,True,,ambiguous,none,1,1,1
mathdash,False,True,,ambiguous,none,1,1,1
assembly-2,True,True,,live,low,2,0,1
avery,True,True,,live,low,2,0,1
patchwork,,False,,no_label,none,0,1,2
pointone,True,True,,live,low,2,0,1
paradigm,False,True,,ambiguous,none,1,1,1
arini,True,True,,live,low,2,0,1
furtherai,True,True,,live,low,2,0,1
roe,True,True,,live,low,2,0,1
suretynow,True,True,,live,low,2,0,1
octolane-ai,True,True,,live,low,2,0,1
artisan,True,True,,live,low,2,0,1
eggnog,False,True,,ambiguous,none,1,1,1
greenboard,True,True,,live,low,2,0,1
ecliptor,False,True,True,live,low,2,1,0
trellis-ai,True,True,True,live,high,3,0,0
topo,True,True,,live,low,2,0,1
verse-therapy,False,True,True,live,low,2,1,0
tokenowl,True,True,True,live,high,3,0,0
yoneda-labs,True,True,,live,low,2,0,1
synsorybio,False,True,,ambiguous,none,1,1,1
copper-health,True,True,,live,low,2,0,1
blume-benefits,True,False,,ambiguous,none,1,1,1
atopile,True,True,,live,low,2,0,1
partnerhq,,True,,no_label,none,1,0,2
tusk,True,True,,live,low,2,0,1
engines,False,False,,shuttered,low,0,2,1
onegrep,,True,,no_label,none,1,0,2
selera-medical,False,False,,shuttered,low,0,2,1
lucite,False,True,,ambiguous,none,1,1,1
attunement,True,True,True,live,high,3,0,0
cloudcruise,True,True,,live,low,2,0,1
starjar,,True,False,ambiguous,none,1,1,1
meticulate,True,True,,live,low,2,0,1
celest,False,False,True,shuttered,low,1,2,0
glimmer,False,True,,ambiguous,none,1,1,1
zaymo,True,True,,live,low,2,0,1
promptarmor,True,True,,live,low,2,0,1
keywords-ai,True,True,,live,low,2,0,1
omniai,True,True,,live,low,2,0,1
guide-labs,True,True,,live,low,2,0,1
speck,True,True,,live,low,2,0,1
trypillar,True,True,,live,low,2,0,1
lemonslice,False,True,,ambiguous,none,1,1,1
decipher-ai,True,True,,live,low,2,0,1
toolify,False,False,,shuttered,low,0,2,1
cpgscout,True,True,True,live,high,3,0,0
consul,True,True,,live,low,2,0,1
clarion,True,True,True,live,high,3,0,0
tamarind-bio,True,True,,live,low,2,0,1
14-ai,False,True,,ambiguous,none,1,1,1
inquery-2,True,True,,live,low,2,0,1
infinity,True,True,,live,low,2,0,1
pandasai,False,True,,ambiguous,none,1,1,1
sync-2,True,True,,live,low,2,0,1
vibrant-labs,True,True,,live,low,2,0,1
parallel,True,True,,live,low,2,0,1
aether,True,True,,live,low,2,0,1
firebender,False,True,,ambiguous,none,1,1,1
resonance,True,True,True,live,high,3,0,0
crmcopilot,False,False,,shuttered,low,0,2,1
phospho,True,True,True,live,high,3,0,0
centralize,True,True,,live,low,2,0,1
salvy,True,True,,live,low,2,0,1
aedilic,,True,,no_label,none,1,0,2
open,True,True,True,live,high,3,0,0
wuri,,False,,no_label,none,0,1,2
pythagora,True,True,,live,low,2,0,1
solari-ai,False,True,,ambiguous,none,1,1,1
dime-2,True,True,,live,low,2,0,1
ellipsis,True,True,True,live,high,3,0,0
metofico,True,True,True,live,high,3,0,0
draftaid,True,True,True,live,high,3,0,0
codeant-ai,True,True,,live,low,2,0,1
astro-mechanica,True,True,True,live,high,3,0,0
browser-buddy,False,True,True,live,low,2,1,0
sagaland,False,True,,ambiguous,none,1,1,1
bilanc,False,True,,ambiguous,none,1,1,1
superagent,True,True,,live,low,2,0,1
preloop,,True,,no_label,none,1,0,2
carma,True,True,,live,low,2,0,1
toma,True,True,,live,low,2,0,1
tensorfuse,True,True,True,live,high,3,0,0
trieve,,True,,no_label,none,1,0,2
conduit-ai,True,True,,live,low,2,0,1
elodin,True,True,True,live,high,3,0,0
soundry-ai,True,True,,live,low,2,0,1
aftercare,True,True,True,live,high,3,0,0
shiboleth,True,True,,live,low,2,0,1
hazel-2,True,True,,live,low,2,0,1
andy-ai,True,True,,live,low,2,0,1
delve,True,True,True,live,high,3,0,0
offdeal,True,True,True,live,high,3,0,0
abel,False,False,True,shuttered,low,1,2,0
voicepanel,True,True,True,live,high,3,0,0
opencall-ai,True,True,True,live,high,3,0,0
clarum,True,True,,live,low,2,0,1
edgetrace,True,True,True,live,high,3,0,0
manifold-freight,True,True,,live,low,2,0,1
prosights,True,True,,live,low,2,0,1
centauri-ai,True,True,,live,low,2,0,1
chunkr,False,True,True,live,low,2,1,0
raindrop,True,True,True,live,high,3,0,0
yondu,True,True,True,live,high,3,0,0
heartbyte,False,True,,ambiguous,none,1,1,1
dianahr,True,True,False,live,low,2,1,0
risotto,True,True,,live,low,2,0,1
justai,True,True,,live,low,2,0,1
circleback,True,True,,live,low,2,0,1
betterbasket,True,True,True,live,high,3,0,0
model-ml,True,True,,live,low,2,0,1
artos,True,True,,live,low,2,0,1
oma-care,False,True,,ambiguous,none,1,1,1
cleva,True,True,,live,low,2,0,1
givefront,True,True,,live,low,2,0,1
focal,True,True,True,live,high,3,0,0
brainbase-labs,False,True,,ambiguous,none,1,1,1
sample,True,True,,live,low,2,0,1
lumetric,True,True,True,live,high,3,0,0
alai,True,True,True,live,high,3,0,0
thorntale,True,True,True,live,high,3,0,0
deep24,,True,,no_label,none,1,0,2
triply,False,True,True,live,low,2,1,0
openmart,True,True,True,live,high,3,0,0
zep-ai,True,True,True,live,high,3,0,0
velorum-therapeutics,True,True,,live,low,2,0,1
bitesight,True,False,True,live,low,2,1,0
sonauto,True,True,,live,low,2,0,1
shepherd-2,False,True,,ambiguous,none,1,1,1
hatchet-run,True,True,,live,low,2,0,1
stacksync,True,True,,live,low,2,0,1
terrakotta,True,True,True,live,high,3,0,0
downlink,True,True,False,live,low,2,1,0
spark,True,True,,live,low,2,0,1
camelai,True,True,,live,low,2,0,1
rove,True,True,,live,low,2,0,1
retell-ai,True,True,True,live,high,3,0,0
ocular-ai,True,True,,live,low,2,0,1
adapted,False,True,,ambiguous,none,1,1,1
vista-power,True,True,,live,low,2,0,1
deepnight,True,True,,live,low,2,0,1
xpay,True,True,,live,low,2,0,1
fileforge,True,False,,ambiguous,none,1,1,1
aqua-voice,True,True,,live,low,2,0,1
basepilot,True,True,True,live,high,3,0,0
fluently,True,True,,live,low,2,0,1
miden,True,True,,live,low,2,0,1
veles,True,True,True,live,high,3,0,0
commodityai,True,True,,live,low,2,0,1
marblism,True,True,,live,low,2,0,1
datacurve,True,True,,live,low,2,0,1
lumona,False,False,,shuttered,low,0,2,1
ryse,True,True,,live,low,2,0,1
magic-hour,True,True,,live,low,2,0,1
penciled,True,True,True,live,high,3,0,0
arcane,True,True,,live,low,2,0,1
polar,True,True,,live,low,2,0,1
openfoundry,True,True,,live,low,2,0,1
powder,True,True,True,live,high,3,0,0
eris-biotech,True,True,,live,low,2,0,1
senso,True,True,,live,low,2,0,1
silogy,True,True,,live,low,2,0,1
oddsview,False,True,,ambiguous,none,1,1,1
junction-bioscience,False,True,,ambiguous,none,1,1,1
piramidal,True,True,,live,low,2,0,1
reform,True,True,True,live,high,3,0,0
cocrafter,True,True,,live,low,2,0,1
trueclaim,True,True,,live,low,2,0,1
healia,True,True,,live,low,2,0,1
haplotype-labs,True,True,,live,low,2,0,1
granza-bio,True,True,,live,low,2,0,1
voxops-ai,False,True,,ambiguous,none,1,1,1
integuru,True,True,,live,low,2,0,1
forge,True,True,,live,low,2,0,1
the-new-money-company,True,True,,live,low,2,0,1
fume,True,True,,live,low,2,0,1
renderlet,True,True,,live,low,2,0,1
dragoneye,True,True,True,live,high,3,0,0
quivr,,True,,no_label,none,1,0,2
tower,True,True,True,live,high,3,0,0
mathos,True,True,,live,low,2,0,1
kater-ai,True,True,,live,low,2,0,1
crowdvolt,True,True,,live,low,2,0,1
blacksmith,False,True,,ambiguous,none,1,1,1
yarn-2,False,True,,ambiguous,none,1,1,1
inspectmind-ai,False,True,,ambiguous,none,1,1,1
reprompt,True,True,,live,low,2,0,1
getcrux,True,True,True,live,high,3,0,0
nowhouse,True,True,,live,low,2,0,1
same,False,True,,ambiguous,none,1,1,1
retailready,True,True,,live,low,2,0,1
dropback,True,True,True,live,high,3,0,0
forge-rewards,True,True,,live,low,2,0,1
marr-labs,True,True,,live,low,2,0,1
k-scale-labs,,True,,no_label,none,1,0,2
parcelbio,False,True,,ambiguous,none,1,1,1
indemni,True,True,True,live,high,3,0,0
egress-health,True,True,,live,low,2,0,1
overstand-labs,True,True,True,live,high,3,0,0
youshift,False,True,,ambiguous,none,1,1,1
uncommon-therapeutics,True,True,,live,low,2,0,1
exin-therapeutics,True,True,,live,low,2,0,1
delineate,False,True,,ambiguous,none,1,1,1
onlook,True,True,True,live,high,3,0,0
invo,True,True,,live,low,2,0,1
quantstruct,True,True,,live,low,2,0,1
edexia,True,True,,live,low,2,0,1
enhanced-radar,True,True,,live,low,2,0,1
revise-robotics,False,True,True,live,low,2,1,0
trace,True,True,,live,low,2,0,1
bild-ai,True,True,,live,low,2,0,1
candor,False,True,True,live,low,2,1,0
vetnio,True,True,,live,low,2,0,1
leaping-ai,True,True,True,live,high,3,0,0
flowtel,False,True,,ambiguous,none,1,1,1
tweeksio,True,True,True,live,high,3,0,0
excellence-learning,True,True,,live,low,2,0,1
praxim,False,True,,ambiguous,none,1,1,1
hey-telo,True,True,,live,low,2,0,1
subimage,True,True,,live,low,2,0,1
steinmetz,False,True,True,live,low,2,1,0
axiom,False,True,True,live,low,2,1,0
orchids,True,True,,live,low,2,0,1
splash-inc,True,True,,live,low,2,0,1
stamp,True,True,,live,low,2,0,1
alice-tech,True,True,True,live,high,3,0,0
dollyglot,True,True,True,live,high,3,0,0
awen,True,True,,live,low,2,0,1
karoo,True,True,True,live,high,3,0,0
dartboard-energy,True,True,,live,low,2,0,1
astro,False,True,,ambiguous,none,1,1,1
vocality-health,False,True,True,live,low,2,1,0
subtrace,False,True,,ambiguous,none,1,1,1
scout-4,True,True,True,live,high,3,0,0
promptless,True,True,,live,low,2,0,1
closure,True,True,,live,low,2,0,1
conntour,True,True,,live,low,2,0,1
superglue,True,True,,live,low,2,0,1
truffle-ai,False,True,,ambiguous,none,1,1,1
ovlo,True,True,True,live,high,3,0,0
contrario,True,True,,live,low,2,0,1
sublingual,False,False,True,shuttered,low,1,2,0
rocketable,False,True,,ambiguous,none,1,1,1
toothy-ai,False,True,True,live,low,2,1,0
verbiflow,True,True,,live,low,2,0,1
a1base,True,True,,live,low,2,0,1
altrina,True,True,,live,low,2,0,1
a0-dev,True,True,True,live,high,3,0,0
maritime-fusion,True,True,,live,low,2,0,1
trava,True,True,,live,low,2,0,1
tejas-ai,False,True,,ambiguous,none,1,1,1
caseflood-ai,False,True,,ambiguous,none,1,1,1
weave-3,True,True,,live,low,2,0,1
maive,True,True,,live,low,2,0,1
salespatriot,True,True,,live,low,2,0,1
deployparagon,True,True,,live,low,2,0,1
carecycle,True,True,,live,low,2,0,1
inversion-semiconductor,True,True,,live,low,2,0,1
adam,True,True,True,live,high,3,0,0
rally-3,True,True,,live,low,2,0,1
tergle,True,True,True,live,high,3,0,0
trim,True,True,True,live,high,3,0,0
amby-health,True,True,,live,low,2,0,1
cardamon,True,True,True,live,high,3,0,0
bezel,True,True,,live,low,2,0,1
zeroentropy,True,True,,live,low,2,0,1
oki,True,True,,live,low,2,0,1
cifrato,True,True,True,live,high,3,0,0
mosaic-2,False,True,,ambiguous,none,1,1,1
swerve,False,True,,ambiguous,none,1,1,1
osmosis,True,True,,live,low,2,0,1
operand,False,True,,ambiguous,none,1,1,1
healthkey,True,True,True,live,high,3,0,0
gradewiz,False,True,True,live,low,2,1,0
mecha-health,True,True,,live,low,2,0,1
cuckoo-labs,True,True,True,live,high,3,0,0
finbar,True,True,True,live,high,3,0,0
hud,True,True,,live,low,2,0,1
olive,False,True,True,live,low,2,1,0
pax-markets,True,True,True,live,high,3,0,0
pave-robotics,True,True,True,live,high,3,0,0
gale,False,True,True,live,low,2,1,0
asteroid,True,True,,live,low,2,0,1
macadamia,True,True,,live,low,2,0,1
lucid,True,True,,live,low,2,0,1
pickle-2,True,True,,live,low,2,0,1
bindwell,True,True,,live,low,2,0,1
stillwind,True,True,,live,low,2,0,1
harbera,True,True,True,live,high,3,0,0
cenote,False,True,True,live,low,2,1,0
lopus-ai,True,True,True,live,high,3,0,0
athenahq,True,True,,live,low,2,0,1
strike,False,True,False,shuttered,low,1,2,0
g-lnk,True,True,,live,low,2,0,1
mundo-ai,False,True,,ambiguous,none,1,1,1
lucidic-ai,True,True,,live,low,2,0,1
haleum,False,True,,ambiguous,none,1,1,1
trata,True,True,,live,low,2,0,1
solidroad,True,True,True,live,high,3,0,0
general-trajectory,False,True,,ambiguous,none,1,1,1
rejot,True,True,,live,low,2,0,1
agentin-ai,True,True,,live,low,2,0,1
bystreet,True,True,,live,low,2,0,1
waypoint-transit,True,True,,live,low,2,0,1
riviera,True,True,,live,low,2,0,1
confident-ai,True,True,,live,low,2,0,1
exla,False,True,,ambiguous,none,1,1,1
karsa,True,True,,live,low,2,0,1
nitrode,True,True,,live,low,2,0,1
calltree,True,True,,live,low,2,0,1
harper,True,True,,live,low,2,0,1
tire-swing,True,True,,live,low,2,0,1
outlit,True,True,,live,low,2,0,1
mesh-2,True,True,,live,low,2,0,1
orbital-operations,True,True,,live,low,2,0,1
sennu-ai,False,True,True,live,low,2,1,0
infinite,True,True,True,live,high,3,0,0
peppr-ai,False,True,True,live,low,2,1,0
openintake,False,True,True,live,low,2,1,0
artificial-societies,False,True,,ambiguous,none,1,1,1
miyagi-labs,True,True,,live,low,2,0,1
fuseai,True,True,,live,low,2,0,1
misprint,True,True,,live,low,2,0,1
afterquery,True,True,True,live,high,3,0,0
mastra,True,True,True,live,high,3,0,0
forge-automation,False,True,,ambiguous,none,1,1,1
archon,False,True,,ambiguous,none,1,1,1
retrofit,False,True,,ambiguous,none,1,1,1
pinch,True,True,,live,low,2,0,1
optifye-ai,True,True,,live,low,2,0,1
reditus-space,True,True,,live,low,2,0,1
permitify,True,True,,live,low,2,0,1
wildcard,True,True,,live,low,2,0,1
corsair,True,True,,live,low,2,0,1
proception-inc,True,True,,live,low,2,0,1
woz,True,True,,live,low,2,0,1
spott,True,True,,live,low,2,0,1
rebolt,False,True,True,live,low,2,1,0
roark,True,True,True,live,high,3,0,0
dalus,False,True,True,live,low,2,1,0
tensorpool,False,True,True,live,low,2,1,0
bluebook,True,True,,live,low,2,0,1
butter,False,True,,ambiguous,none,1,1,1
paratus-health,True,True,,live,low,2,0,1
copycat,False,True,,ambiguous,none,1,1,1
ergo,True,True,True,live,high,3,0,0
tamlabs,False,True,True,live,low,2,1,0
browser-use,True,True,True,live,high,3,0,0
cedar,,True,,no_label,none,1,0,2
lightbox,False,True,True,live,low,2,1,0
mercura,True,True,True,live,high,3,0,0
instinct,True,True,,live,low,2,0,1
sammy-labs,False,True,True,live,low,2,1,0
trycandid,False,True,True,live,low,2,1,0
trainloop,True,True,,live,low,2,0,1
thirdlayer,True,True,,live,low,2,0,1
axal,True,True,,live,low,2,0,1
artifact-2,True,True,,live,low,2,0,1
assistant-ui,True,True,,live,low,2,0,1
fira,True,True,True,live,high,3,0,0
vantel,True,True,,live,low,2,0,1
blindpay,True,True,,live,low,2,0,1
mentra,True,True,,live,low,2,0,1
red-barn-robotics,True,True,,live,low,2,0,1
